ImageNumber,DICE,,,,,,,,0.1220394949
00012001.jpg,0.3691523077,,,,,,,,0.1942777504
00012002.jpg,0.4357089251,,,,,,,,
00012003.jpg,0.1031473155,,,,,,,,
00012004.jpg,0.2852848101,,,,,,,,
00012005.jpg,0.0701334059,,,,,,,,
00012006.jpg,0,,,,,,,,
00012007.jpg,0,,,,,,,,
00012008.jpg,0,,,,,,,,
00012009.jpg,0,,,,,,,,
00012010.jpg,0.469139924,,,,,,,,
00012011.jpg,0.4775612449,,,,,,,,
00012012.jpg,0.1368639945,,,,,,,,
00012013.jpg,0.4836852207,,,,,,,,
00012014.jpg,0.4694464594,,,,,,,,
00012015.jpg,0,,,,,,,,
00012016.jpg,0.0658145856,,,,,,,,
00012017.jpg,0.4830645417,,,,,,,,
00012018.jpg,0,,,,,,,,
00012019.jpg,0,,,,,,,,
00012020.jpg,0,,,,,,,,
00012021.jpg,0,,,,,,,,
00012022.jpg,0,,,,,,,,
00012023.jpg,0,,,,,,,,
00012024.jpg,0,,,,,,,,
00012025.jpg,0,,,,,,,,
00012026.jpg,0,,,,,,,,
00012027.jpg,0,,,,,,,,
00012028.jpg,0.5442421735,,,,,,,,
00012029.jpg,0,,,,,,,,
00012030.jpg,0,,,,,,,,
00012031.jpg,0,,,,,,,,
00012032.jpg,0,,,,,,,,
00012033.jpg,0,,,,,,,,
00012034.jpg,0,,,,,,,,
00012035.jpg,0,,,,,,,,
00012036.jpg,0,,,,,,,,
00012037.jpg,0,,,,,,,,
00012038.jpg,0.4999112409,,,,,,,,
00012039.jpg,0.2316683364,,,,,,,,
00012040.jpg,0,,,,,,,,
00012041.jpg,0,,,,,,,,
00012042.jpg,0,,,,,,,,
00012043.jpg,0,,,,,,,,
00012044.jpg,0,,,,,,,,
00012045.jpg,0,,,,,,,,
00012046.jpg,0,,,,,,,,
00012047.jpg,0,,,,,,,,
00012048.jpg,0.3304918033,,,,,,,,
00012049.jpg,0,,,,,,,,
00012050.jpg,0,,,,,,,,
00012051.jpg,0,,,,,,,,
00012052.jpg,0,,,,,,,,
00012053.jpg,0,,,,,,,,
00012054.jpg,0,,,,,,,,
00012055.jpg,0,,,,,,,,
00012056.jpg,0,,,,,,,,
00012057.jpg,0,,,,,,,,
00012058.jpg,0.0330751674,,,,,,,,
00012059.jpg,0.0254237288,,,,,,,,
00012060.jpg,0.3252302061,,,,,,,,
00012061.jpg,0.4554744526,,,,,,,,
00012062.jpg,0.4548139398,,,,,,,,
00012063.jpg,0,,,,,,,,
00012064.jpg,0.0412647374,,,,,,,,
00012065.jpg,0.0050434295,,,,,,,,
00012066.jpg,0,,,,,,,,
00012067.jpg,0.2924551063,,,,,,,,
00012068.jpg,0,,,,,,,,
00012069.jpg,0,,,,,,,,
00012070.jpg,0,,,,,,,,
00012071.jpg,0.4176278872,,,,,,,,
00012072.jpg,0.6245547675,,,,,,,,
00012073.jpg,0.44124857,,,,,,,,
00012074.jpg,0.4818557889,,,,,,,,
00012075.jpg,0.4692316032,,,,,,,,
00012076.jpg,0.4727396527,,,,,,,,
00012077.jpg,0,,,,,,,,
00012078.jpg,0,,,,,,,,
00012079.jpg,0,,,,,,,,
00012080.jpg,0,,,,,,,,
00012081.jpg,0,,,,,,,,
00012082.jpg,0,,,,,,,,
00012083.jpg,0,,,,,,,,
00012084.jpg,0,,,,,,,,
00012085.jpg,0,,,,,,,,
00012086.jpg,0,,,,,,,,
00012087.jpg,0,,,,,,,,
00012088.jpg,0,,,,,,,,
00012089.jpg,0,,,,,,,,
00012090.jpg,0,,,,,,,,
00012091.jpg,0,,,,,,,,
00012092.jpg,0,,,,,,,,
00012093.jpg,0,,,,,,,,
00012094.jpg,0,,,,,,,,
00012095.jpg,0,,,,,,,,
00012096.jpg,0,,,,,,,,
00012097.jpg,0,,,,,,,,
00012098.jpg,0,,,,,,,,
00012099.jpg,0.0225712141,,,,,,,,
00012100.jpg,0,,,,,,,,
00012101.jpg,0.4731282398,,,,,,,,
00012102.jpg,0.4555025679,,,,,,,,
00012103.jpg,0.4030526339,,,,,,,,
00012104.jpg,0,,,,,,,,
00012105.jpg,0.4464501773,,,,,,,,
00012106.jpg,0.4897763272,,,,,,,,
00012107.jpg,0.5202436762,,,,,,,,
00012108.jpg,0,,,,,,,,
00012109.jpg,0,,,,,,,,
00012110.jpg,0,,,,,,,,
00012111.jpg,0.4778625073,,,,,,,,
00012112.jpg,0.4714064915,,,,,,,,
00012113.jpg,0.5754984067,,,,,,,,
00012114.jpg,0,,,,,,,,
00012115.jpg,0.0786369594,,,,,,,,
00012116.jpg,0.4480880097,,,,,,,,
00012117.jpg,0,,,,,,,,
00012118.jpg,0,,,,,,,,
00012119.jpg,0,,,,,,,,
00012120.jpg,0,,,,,,,,
00012121.jpg,0,,,,,,,,
00012122.jpg,0,,,,,,,,
00012123.jpg,0,,,,,,,,
00012124.jpg,0,,,,,,,,
00012125.jpg,0,,,,,,,,
00012126.jpg,0,,,,,,,,
00012127.jpg,0,,,,,,,,
00012128.jpg,0,,,,,,,,
00012129.jpg,0.4515703241,,,,,,,,
00012130.jpg,0,,,,,,,,
00012131.jpg,0,,,,,,,,
00012132.jpg,0,,,,,,,,
00012133.jpg,0,,,,,,,,
00012134.jpg,0,,,,,,,,
00012135.jpg,0,,,,,,,,
00012136.jpg,0,,,,,,,,
00012137.jpg,0,,,,,,,,
00012138.jpg,0.4761806345,,,,,,,,
00012139.jpg,0.103354389,,,,,,,,
00012140.jpg,0,,,,,,,,
00012141.jpg,0,,,,,,,,
00012142.jpg,0,,,,,,,,
00012143.jpg,0,,,,,,,,
00012144.jpg,0,,,,,,,,
00012145.jpg,0,,,,,,,,
00012146.jpg,0,,,,,,,,
00012147.jpg,0,,,,,,,,
00012148.jpg,0,,,,,,,,
00012149.jpg,0.4494739383,,,,,,,,
00012150.jpg,0,,,,,,,,
00012151.jpg,0,,,,,,,,
00012152.jpg,0,,,,,,,,
00012153.jpg,0,,,,,,,,
00012154.jpg,0,,,,,,,,
00012155.jpg,0,,,,,,,,
00012156.jpg,0,,,,,,,,
00012157.jpg,0,,,,,,,,
00012158.jpg,0,,,,,,,,
00012159.jpg,0.0140252454,,,,,,,,
00012160.jpg,0.4504478885,,,,,,,,
00012161.jpg,0.4553769185,,,,,,,,
00012162.jpg,0.1100556829,,,,,,,,
00012163.jpg,0.4202604638,,,,,,,,
00012164.jpg,0.2779490197,,,,,,,,
00012165.jpg,0.0730964467,,,,,,,,
00012166.jpg,0,,,,,,,,
00012167.jpg,0.456080302,,,,,,,,
00012168.jpg,0,,,,,,,,
00012169.jpg,0,,,,,,,,
00012170.jpg,0.1252944956,,,,,,,,
00012171.jpg,0.4537028143,,,,,,,,
00012172.jpg,0.4371572298,,,,,,,,
00012173.jpg,0,,,,,,,,
00012174.jpg,0.4131018073,,,,,,,,
00012175.jpg,0,,,,,,,,
00012176.jpg,0.4531603843,,,,,,,,
00012177.jpg,0,,,,,,,,
00012178.jpg,0,,,,,,,,
00012179.jpg,0,,,,,,,,
00012180.jpg,0,,,,,,,,
00012181.jpg,0,,,,,,,,
00012182.jpg,0,,,,,,,,
00012183.jpg,0,,,,,,,,
00012184.jpg,0,,,,,,,,
00012185.jpg,0,,,,,,,,
00012186.jpg,0,,,,,,,,
00012187.jpg,0,,,,,,,,
00012188.jpg,0.4493498892,,,,,,,,
00012189.jpg,0.5387202699,,,,,,,,
00012190.jpg,0,,,,,,,,
00012191.jpg,0,,,,,,,,
00012192.jpg,0,,,,,,,,
00012193.jpg,0,,,,,,,,
00012194.jpg,0,,,,,,,,
00012195.jpg,0,,,,,,,,
00012196.jpg,0,,,,,,,,
00012197.jpg,0,,,,,,,,
00012198.jpg,0.2921762547,,,,,,,,
00012199.jpg,0,,,,,,,,
00012200.jpg,0,,,,,,,,
00012201.jpg,0.458576654,,,,,,,,
00012202.jpg,0.4313392731,,,,,,,,
00012203.jpg,0.046611334,,,,,,,,
00012204.jpg,0,,,,,,,,
00012205.jpg,0.022943781,,,,,,,,
00012206.jpg,0.2484909457,,,,,,,,
00012207.jpg,0,,,,,,,,
00012208.jpg,0,,,,,,,,
00012209.jpg,0,,,,,,,,
00012210.jpg,0.4553985171,,,,,,,,
00012211.jpg,0.030298346,,,,,,,,
00012212.jpg,0.4774193548,,,,,,,,
00012213.jpg,0,,,,,,,,
00012214.jpg,0,,,,,,,,
00012215.jpg,0.4720543024,,,,,,,,
00012216.jpg,0.4553779891,,,,,,,,
00012217.jpg,0,,,,,,,,
00012218.jpg,0,,,,,,,,
00012219.jpg,0,,,,,,,,
00012220.jpg,0,,,,,,,,
00012221.jpg,0,,,,,,,,
00012222.jpg,0,,,,,,,,
00012223.jpg,0,,,,,,,,
00012224.jpg,0,,,,,,,,
00012225.jpg,0,,,,,,,,
00012226.jpg,0,,,,,,,,
00012227.jpg,0,,,,,,,,
00012228.jpg,0.4076033133,,,,,,,,
00012229.jpg,0.4214318592,,,,,,,,
00012230.jpg,0,,,,,,,,
00012231.jpg,0,,,,,,,,
00012232.jpg,0,,,,,,,,
00012233.jpg,0,,,,,,,,
00012234.jpg,0,,,,,,,,
00012235.jpg,0,,,,,,,,
00012236.jpg,0,,,,,,,,
00012237.jpg,0,,,,,,,,
00012238.jpg,0.4062059238,,,,,,,,
00012239.jpg,0.4779703487,,,,,,,,
00012240.jpg,0,,,,,,,,
00012241.jpg,0,,,,,,,,
00012242.jpg,0,,,,,,,,
00012243.jpg,0,,,,,,,,
00012244.jpg,0,,,,,,,,
00012245.jpg,0,,,,,,,,
00012246.jpg,0,,,,,,,,
00012247.jpg,0,,,,,,,,
00012248.jpg,0.4683656401,,,,,,,,
00012249.jpg,0,,,,,,,,
00012250.jpg,0,,,,,,,,
00012251.jpg,0,,,,,,,,
00012252.jpg,0,,,,,,,,
00012253.jpg,0,,,,,,,,
00012254.jpg,0,,,,,,,,
00012255.jpg,0,,,,,,,,
00012256.jpg,0,,,,,,,,
00012257.jpg,0,,,,,,,,
00012258.jpg,0.3532720646,,,,,,,,
00012259.jpg,0.055924125,,,,,,,,
00012260.jpg,0.1254319281,,,,,,,,
00012261.jpg,0,,,,,,,,
00012262.jpg,0.4035572428,,,,,,,,
00012263.jpg,0.1640459569,,,,,,,,
00012264.jpg,0.051256496,,,,,,,,
00012265.jpg,0.425702349,,,,,,,,
00012266.jpg,0.4403491231,,,,,,,,
00012267.jpg,0.0286689905,,,,,,,,
00012268.jpg,0,,,,,,,,
00012269.jpg,0,,,,,,,,
00012270.jpg,0.4539561076,,,,,,,,
00012271.jpg,0.3953393784,,,,,,,,
00012272.jpg,0.5140946011,,,,,,,,
00012273.jpg,0,,,,,,,,
00012274.jpg,0,,,,,,,,
00012275.jpg,0,,,,,,,,
00012276.jpg,0.4134624988,,,,,,,,
00012277.jpg,0,,,,,,,,
00012278.jpg,0,,,,,,,,
00012279.jpg,0,,,,,,,,
00012280.jpg,0,,,,,,,,
00012281.jpg,0,,,,,,,,
00012282.jpg,0,,,,,,,,
00012283.jpg,0,,,,,,,,
00012284.jpg,0,,,,,,,,
00012285.jpg,0,,,,,,,,
00012286.jpg,0,,,,,,,,
00012287.jpg,0,,,,,,,,
00012288.jpg,0.2239297475,,,,,,,,
00012289.jpg,0.4372469636,,,,,,,,
00012290.jpg,0,,,,,,,,
00012291.jpg,0,,,,,,,,
00012292.jpg,0,,,,,,,,
00012293.jpg,0,,,,,,,,
00012294.jpg,0,,,,,,,,
00012295.jpg,0,,,,,,,,
00012296.jpg,0,,,,,,,,
00012297.jpg,0,,,,,,,,
00012298.jpg,0.472428482,,,,,,,,
00012299.jpg,0,,,,,,,,
00012300.jpg,0.3584637269,,,,,,,,
00012301.jpg,0.4833766649,,,,,,,,
00012302.jpg,0.441426146,,,,,,,,
00012303.jpg,0.4659528908,,,,,,,,
00012304.jpg,0.6691844834,,,,,,,,
00012305.jpg,0.4447049787,,,,,,,,
00012306.jpg,0.3093828006,,,,,,,,
00012307.jpg,0,,,,,,,,
00012308.jpg,0,,,,,,,,
00012310.jpg,0.1056222363,,,,,,,,
00012311.jpg,0.307394937,,,,,,,,
00012312.jpg,0.5483635606,,,,,,,,
00012313.jpg,0.4600759245,,,,,,,,
00012314.jpg,0.1899891041,,,,,,,,
00012315.jpg,0,,,,,,,,
00012316.jpg,0.161070131,,,,,,,,
00012317.jpg,0,,,,,,,,
00012318.jpg,0,,,,,,,,
00012319.jpg,0,,,,,,,,
00012320.jpg,0,,,,,,,,
00012321.jpg,0,,,,,,,,
00012322.jpg,0,,,,,,,,
00012323.jpg,0,,,,,,,,
00012324.jpg,0,,,,,,,,
00012325.jpg,0,,,,,,,,
00012326.jpg,0,,,,,,,,
00012327.jpg,0,,,,,,,,
00012328.jpg,0,,,,,,,,
00012329.jpg,0.0224402129,,,,,,,,
00012330.jpg,0,,,,,,,,
00012331.jpg,0,,,,,,,,
00012332.jpg,0,,,,,,,,
00012333.jpg,0,,,,,,,,
00012334.jpg,0,,,,,,,,
00012335.jpg,0,,,,,,,,
00012336.jpg,0,,,,,,,,
00012337.jpg,0,,,,,,,,
00012338.jpg,0,,,,,,,,
00012339.jpg,0.4479970599,,,,,,,,
00012340.jpg,0,,,,,,,,
00012341.jpg,0,,,,,,,,
00012342.jpg,0,,,,,,,,
00012343.jpg,0,,,,,,,,
00012344.jpg,0,,,,,,,,
00012345.jpg,0,,,,,,,,
00012346.jpg,0,,,,,,,,
00012347.jpg,0,,,,,,,,
00012348.jpg,0.6170355997,,,,,,,,
00012349.jpg,0,,,,,,,,
00012350.jpg,0,,,,,,,,
00012351.jpg,0,,,,,,,,
00012352.jpg,0,,,,,,,,
00012353.jpg,0,,,,,,,,
00012354.jpg,0,,,,,,,,
00012355.jpg,0,,,,,,,,
00012356.jpg,0,,,,,,,,
00012357.jpg,0,,,,,,,,
00012358.jpg,0.3770046435,,,,,,,,
00012359.jpg,0.4603891103,,,,,,,,
00012360.jpg,0.4503834912,,,,,,,,
00012361.jpg,0.448172685,,,,,,,,
00012362.jpg,0.461120513,,,,,,,,
00012363.jpg,0.5100577226,,,,,,,,
00012364.jpg,0.4416558268,,,,,,,,
00012365.jpg,0,,,,,,,,
00012366.jpg,0.0978013896,,,,,,,,
00012367.jpg,0,,,,,,,,
00012368.jpg,0,,,,,,,,
00012369.jpg,0,,,,,,,,
00012370.jpg,0,,,,,,,,
00012371.jpg,0,,,,,,,,
00012372.jpg,0.490925869,,,,,,,,
00012373.jpg,0.0738825268,,,,,,,,
00012374.jpg,0,,,,,,,,
00012375.jpg,0,,,,,,,,
00012376.jpg,0.0229979466,,,,,,,,
00012377.jpg,0.5368543743,,,,,,,,
00012378.jpg,0,,,,,,,,
00012379.jpg,0,,,,,,,,
00012380.jpg,0,,,,,,,,
00012381.jpg,0,,,,,,,,
00012382.jpg,0,,,,,,,,
00012383.jpg,0,,,,,,,,
00012384.jpg,0,,,,,,,,
00012385.jpg,0,,,,,,,,
00012386.jpg,0,,,,,,,,
00012387.jpg,0,,,,,,,,
00012388.jpg,0.4860084027,,,,,,,,
00012389.jpg,0,,,,,,,,
00012390.jpg,0,,,,,,,,
00012391.jpg,0,,,,,,,,
00012392.jpg,0,,,,,,,,
00012393.jpg,0,,,,,,,,
00012394.jpg,0,,,,,,,,
00012395.jpg,0,,,,,,,,
00012396.jpg,0,,,,,,,,
00012397.jpg,0,,,,,,,,
00012398.jpg,0,,,,,,,,
00012399.jpg,0,,,,,,,,
00012400.jpg,0,,,,,,,,
00012401.jpg,0.3638066026,,,,,,,,
00012402.jpg,0,,,,,,,,
00012403.jpg,0,,,,,,,,
00012404.jpg,0,,,,,,,,
00012405.jpg,0.0263938551,,,,,,,,
00012406.jpg,0.4940150122,,,,,,,,
00012407.jpg,0,,,,,,,,
00012408.jpg,0,,,,,,,,
00012409.jpg,0,,,,,,,,
00012410.jpg,0,,,,,,,,
00012411.jpg,0,,,,,,,,
00012412.jpg,0,,,,,,,,
00012413.jpg,0.4308450342,,,,,,,,
00012414.jpg,0,,,,,,,,
00012415.jpg,0.4221943785,,,,,,,,
00012416.jpg,0.3226507333,,,,,,,,
00012417.jpg,0.4513754126,,,,,,,,
00012418.jpg,0,,,,,,,,
00012419.jpg,0,,,,,,,,
00012420.jpg,0,,,,,,,,
00012421.jpg,0,,,,,,,,
00012422.jpg,0,,,,,,,,
00012423.jpg,0,,,,,,,,
00012424.jpg,0,,,,,,,,
00012425.jpg,0,,,,,,,,
00012426.jpg,0,,,,,,,,
00012427.jpg,0,,,,,,,,
00012428.jpg,0.3044864664,,,,,,,,
00012429.jpg,0.0261273534,,,,,,,,
00012430.jpg,0,,,,,,,,
00012431.jpg,0,,,,,,,,
00012432.jpg,0,,,,,,,,
00012433.jpg,0,,,,,,,,
00012434.jpg,0,,,,,,,,
00012435.jpg,0,,,,,,,,
00012436.jpg,0,,,,,,,,
00012437.jpg,0,,,,,,,,
00012438.jpg,0.4219895288,,,,,,,,
00012439.jpg,0.2827167311,,,,,,,,
00012440.jpg,0,,,,,,,,
00012441.jpg,0,,,,,,,,
00012442.jpg,0,,,,,,,,
00012443.jpg,0,,,,,,,,
00012444.jpg,0,,,,,,,,
00012445.jpg,0,,,,,,,,
00012446.jpg,0,,,,,,,,
00012447.jpg,0,,,,,,,,
00012448.jpg,0.4657940441,,,,,,,,
00012449.jpg,0,,,,,,,,
00012450.jpg,0,,,,,,,,
00012451.jpg,0,,,,,,,,
00012452.jpg,0,,,,,,,,
00012453.jpg,0,,,,,,,,
00012454.jpg,0,,,,,,,,
00012455.jpg,0,,,,,,,,
00012456.jpg,0,,,,,,,,
00012457.jpg,0,,,,,,,,
00012458.jpg,0.2323228052,,,,,,,,
00012459.jpg,0.1035154438,,,,,,,,
00012460.jpg,0,,,,,,,,
00012461.jpg,0,,,,,,,,
00012462.jpg,0,,,,,,,,
00012463.jpg,0,,,,,,,,
00012464.jpg,0.126350335,,,,,,,,
00012465.jpg,0.4488513802,,,,,,,,
00012466.jpg,0.4696619365,,,,,,,,
00012467.jpg,0.2809444629,,,,,,,,
00012468.jpg,0,,,,,,,,
00012469.jpg,0,,,,,,,,
00012470.jpg,0.0856889283,,,,,,,,
00012471.jpg,0,,,,,,,,
00012472.jpg,0.1152347374,,,,,,,,
00012473.jpg,0,,,,,,,,
00012474.jpg,0.8141305907,,,,,,,,
00012475.jpg,0.1350925713,,,,,,,,
00012476.jpg,0,,,,,,,,
00012477.jpg,0.491352769,,,,,,,,
00012478.jpg,0,,,,,,,,
00012479.jpg,0,,,,,,,,
00012480.jpg,0,,,,,,,,
00012481.jpg,0,,,,,,,,
00012482.jpg,0,,,,,,,,
00012483.jpg,0,,,,,,,,
00012484.jpg,0,,,,,,,,
00012485.jpg,0,,,,,,,,
00012486.jpg,0,,,,,,,,
00012487.jpg,0,,,,,,,,
00012488.jpg,0.4764124074,,,,,,,,
00012489.jpg,0,,,,,,,,
00012490.jpg,0,,,,,,,,
00012491.jpg,0,,,,,,,,
00012492.jpg,0,,,,,,,,
00012493.jpg,0,,,,,,,,
00012494.jpg,0,,,,,,,,
00012495.jpg,0,,,,,,,,
00012496.jpg,0,,,,,,,,
00012497.jpg,0,,,,,,,,
00012498.jpg,0.2982254297,,,,,,,,
00012499.jpg,0.3722709104,,,,,,,,
00012500.jpg,0.4339561408,,,,,,,,
00012501.jpg,0.4958898393,,,,,,,,
00012502.jpg,0,,,,,,,,
00012503.jpg,0.038679773,,,,,,,,
00012504.jpg,0.0265728709,,,,,,,,
00012505.jpg,0,,,,,,,,
00012506.jpg,0.33460719,,,,,,,,
00012507.jpg,0,,,,,,,,
00012508.jpg,0,,,,,,,,
00012509.jpg,0,,,,,,,,
00012510.jpg,0.2540415704,,,,,,,,
00012511.jpg,0.4808317089,,,,,,,,
00012512.jpg,0.4698700892,,,,,,,,
00012513.jpg,0,,,,,,,,
00012514.jpg,0.4523213465,,,,,,,,
00012515.jpg,0.4762593396,,,,,,,,
00012516.jpg,0.4683977096,,,,,,,,
00012517.jpg,0,,,,,,,,
00012518.jpg,0,,,,,,,,
00012519.jpg,0,,,,,,,,
00012520.jpg,0,,,,,,,,
00012521.jpg,0,,,,,,,,
00012522.jpg,0,,,,,,,,
00012523.jpg,0,,,,,,,,
00012524.jpg,0,,,,,,,,
00012525.jpg,0,,,,,,,,
00012526.jpg,0,,,,,,,,
00012527.jpg,0,,,,,,,,
00012528.jpg,0.5610969264,,,,,,,,
00012529.jpg,0,,,,,,,,
00012530.jpg,0,,,,,,,,
00012531.jpg,0,,,,,,,,
00012532.jpg,0,,,,,,,,
00012533.jpg,0,,,,,,,,
00012534.jpg,0,,,,,,,,
00012535.jpg,0,,,,,,,,
00012536.jpg,0,,,,,,,,
00012537.jpg,0,,,,,,,,
00012538.jpg,0,,,,,,,,
00012539.jpg,0.1171131606,,,,,,,,
00012540.jpg,0,,,,,,,,
00012541.jpg,0,,,,,,,,
00012542.jpg,0,,,,,,,,
00012543.jpg,0,,,,,,,,
00012544.jpg,0,,,,,,,,
00012545.jpg,0,,,,,,,,
00012546.jpg,0,,,,,,,,
00012547.jpg,0,,,,,,,,
00012548.jpg,0.0418336673,,,,,,,,
00012549.jpg,0.3923009432,,,,,,,,
00012550.jpg,0,,,,,,,,
00012551.jpg,0,,,,,,,,
00012552.jpg,0,,,,,,,,
00012553.jpg,0,,,,,,,,
00012554.jpg,0,,,,,,,,
00012555.jpg,0,,,,,,,,
00012556.jpg,0,,,,,,,,
00012557.jpg,0,,,,,,,,
00012558.jpg,0,,,,,,,,
00012559.jpg,0,,,,,,,,
00012560.jpg,0.2718750823,,,,,,,,
00012561.jpg,0.2930619796,,,,,,,,
00012562.jpg,0,,,,,,,,
00012563.jpg,0.4677013006,,,,,,,,
00012564.jpg,0,,,,,,,,
00012565.jpg,0.3099372695,,,,,,,,
00012566.jpg,0.4827988338,,,,,,,,
00012567.jpg,0.4352810518,,,,,,,,
00012568.jpg,0,,,,,,,,
00012569.jpg,0,,,,,,,,
00012570.jpg,0.4501476362,,,,,,,,
00012571.jpg,0,,,,,,,,
00012572.jpg,0.4865438896,,,,,,,,
00012573.jpg,0.0147650511,,,,,,,,
00012574.jpg,0,,,,,,,,
00012575.jpg,0,,,,,,,,
00012576.jpg,0.4739653785,,,,,,,,
00012577.jpg,0,,,,,,,,
00012578.jpg,0,,,,,,,,
00012579.jpg,0,,,,,,,,
00012580.jpg,0,,,,,,,,
00012581.jpg,0,,,,,,,,
00012582.jpg,0,,,,,,,,
00012583.jpg,0,,,,,,,,
00012584.jpg,0,,,,,,,,
00012585.jpg,0,,,,,,,,
00012586.jpg,0,,,,,,,,
00012587.jpg,0,,,,,,,,
00012588.jpg,0.3501892653,,,,,,,,
00012589.jpg,0.4328988575,,,,,,,,
00012590.jpg,0,,,,,,,,
00012591.jpg,0,,,,,,,,
00012592.jpg,0,,,,,,,,
00012593.jpg,0,,,,,,,,
00012594.jpg,0,,,,,,,,
00012595.jpg,0,,,,,,,,
00012597.jpg,0,,,,,,,,
00012598.jpg,0.0707944219,,,,,,,,
00012599.jpg,0,,,,,,,,
00012600.jpg,0.2913484727,,,,,,,,
00012601.jpg,0.3989867004,,,,,,,,
00012602.jpg,0.471610301,,,,,,,,
00012603.jpg,0.0750354898,,,,,,,,
00012604.jpg,0.2744362847,,,,,,,,
00012605.jpg,0.4261012354,,,,,,,,
00012606.jpg,0.5042469957,,,,,,,,
00012607.jpg,0.4824554639,,,,,,,,
00012608.jpg,0,,,,,,,,
00012609.jpg,0,,,,,,,,
00012610.jpg,0.4698608964,,,,,,,,
00012611.jpg,0.4587308171,,,,,,,,
00012612.jpg,0,,,,,,,,
00012613.jpg,0.477745115,,,,,,,,
00012614.jpg,0.4758227721,,,,,,,,
00012615.jpg,0.3812003472,,,,,,,,
00012616.jpg,0,,,,,,,,
00012617.jpg,0.4695431472,,,,,,,,
00012618.jpg,0,,,,,,,,
00012619.jpg,0,,,,,,,,
00012620.jpg,0,,,,,,,,
00012621.jpg,0,,,,,,,,
00012622.jpg,0,,,,,,,,
00012623.jpg,0,,,,,,,,
00012624.jpg,0,,,,,,,,
00012625.jpg,0,,,,,,,,
00012626.jpg,0,,,,,,,,
00012627.jpg,0,,,,,,,,
00012628.jpg,0.2722682638,,,,,,,,
00012629.jpg,0.2939784271,,,,,,,,
00012630.jpg,0,,,,,,,,
00012631.jpg,0,,,,,,,,
00012632.jpg,0,,,,,,,,
00012633.jpg,0,,,,,,,,
00012634.jpg,0,,,,,,,,
00012635.jpg,0,,,,,,,,
00012636.jpg,0,,,,,,,,
00012637.jpg,0,,,,,,,,
00012638.jpg,0.0397277911,,,,,,,,
00012639.jpg,0,,,,,,,,
00012640.jpg,0,,,,,,,,
00012641.jpg,0,,,,,,,,
00012642.jpg,0,,,,,,,,
00012643.jpg,0,,,,,,,,
00012644.jpg,0,,,,,,,,
00012645.jpg,0,,,,,,,,
00012646.jpg,0,,,,,,,,
00012647.jpg,0,,,,,,,,
00012648.jpg,0,,,,,,,,
00012649.jpg,0,,,,,,,,
00012650.jpg,0,,,,,,,,
00012651.jpg,0,,,,,,,,
00012652.jpg,0,,,,,,,,
00012653.jpg,0,,,,,,,,
00012654.jpg,0,,,,,,,,
00012655.jpg,0,,,,,,,,
00012656.jpg,0,,,,,,,,
00012657.jpg,0,,,,,,,,
00012658.jpg,0,,,,,,,,
00012659.jpg,0.4687290645,,,,,,,,
00012660.jpg,0.472041047,,,,,,,,
00012661.jpg,0,,,,,,,,
00012662.jpg,0.4727465161,,,,,,,,
00012663.jpg,0.2363367799,,,,,,,,
00012664.jpg,0,,,,,,,,
00012665.jpg,0.0230658337,,,,,,,,
00012666.jpg,0.0731416231,,,,,,,,
00012667.jpg,0.4726767326,,,,,,,,
00012668.jpg,0,,,,,,,,
00012669.jpg,0,,,,,,,,
00012670.jpg,0.004154916,,,,,,,,
00012671.jpg,0.1513317191,,,,,,,,
00012672.jpg,0.2342451831,,,,,,,,
00012673.jpg,0.4007390518,,,,,,,,
00012674.jpg,0,,,,,,,,
00012675.jpg,0,,,,,,,,
00012676.jpg,0.2984955186,,,,,,,,
00012677.jpg,0.4816053512,,,,,,,,
00012678.jpg,0,,,,,,,,
00012679.jpg,0,,,,,,,,
00012680.jpg,0,,,,,,,,
00012681.jpg,0,,,,,,,,
00012682.jpg,0,,,,,,,,
00012683.jpg,0,,,,,,,,
00012684.jpg,0,,,,,,,,
00012685.jpg,0,,,,,,,,
00012686.jpg,0,,,,,,,,
00012687.jpg,0,,,,,,,,
00012688.jpg,0.4844184576,,,,,,,,
00012689.jpg,0.5015347854,,,,,,,,
00012690.jpg,0,,,,,,,,
00012691.jpg,0,,,,,,,,
00012692.jpg,0,,,,,,,,
00012693.jpg,0,,,,,,,,
00012694.jpg,0,,,,,,,,
00012695.jpg,0,,,,,,,,
00012696.jpg,0,,,,,,,,
00012697.jpg,0,,,,,,,,
00012698.jpg,0.2761326776,,,,,,,,
00012699.jpg,0.6261222099,,,,,,,,
00012700.jpg,0.1668889785,,,,,,,,
00012701.jpg,0.4755614267,,,,,,,,
00012702.jpg,0.3066742727,,,,,,,,
00012703.jpg,0.4810667231,,,,,,,,
00012704.jpg,0.4658248109,,,,,,,,
00012705.jpg,0,,,,,,,,
00012706.jpg,0,,,,,,,,
00012707.jpg,0,,,,,,,,
00012708.jpg,0,,,,,,,,
00012709.jpg,0,,,,,,,,
00012710.jpg,0,,,,,,,,
00012711.jpg,0,,,,,,,,
00012712.jpg,0.4814108828,,,,,,,,
00012713.jpg,0.4751131222,,,,,,,,
00012714.jpg,0,,,,,,,,
00012715.jpg,0.3170008543,,,,,,,,
00012716.jpg,0.0889748549,,,,,,,,
00012717.jpg,0.570985009,,,,,,,,
00012718.jpg,0,,,,,,,,
00012719.jpg,0,,,,,,,,
00012720.jpg,0,,,,,,,,
00012721.jpg,0,,,,,,,,
00012722.jpg,0,,,,,,,,
00012723.jpg,0,,,,,,,,
00012724.jpg,0,,,,,,,,
00012725.jpg,0,,,,,,,,
00012726.jpg,0,,,,,,,,
00012727.jpg,0,,,,,,,,
00012728.jpg,0.4704945673,,,,,,,,
00012729.jpg,0.4064688799,,,,,,,,
00012730.jpg,0,,,,,,,,
00012731.jpg,0,,,,,,,,
00012732.jpg,0,,,,,,,,
00012733.jpg,0,,,,,,,,
00012734.jpg,0,,,,,,,,
00012735.jpg,0,,,,,,,,
00012736.jpg,0,,,,,,,,
00012737.jpg,0,,,,,,,,
00012738.jpg,0.4642549526,,,,,,,,
00012739.jpg,0,,,,,,,,
00012740.jpg,0,,,,,,,,
00012741.jpg,0,,,,,,,,
00012742.jpg,0,,,,,,,,
00012743.jpg,0,,,,,,,,
00012744.jpg,0,,,,,,,,
00012745.jpg,0,,,,,,,,
00012746.jpg,0,,,,,,,,
00012747.jpg,0,,,,,,,,
00012748.jpg,0.3622833129,,,,,,,,
00012749.jpg,0.1607443651,,,,,,,,
00012750.jpg,0,,,,,,,,
00012751.jpg,0,,,,,,,,
00012752.jpg,0,,,,,,,,
00012753.jpg,0,,,,,,,,
00012754.jpg,0,,,,,,,,
00012755.jpg,0,,,,,,,,
00012756.jpg,0,,,,,,,,
00012757.jpg,0,,,,,,,,
00012758.jpg,0.4876620048,,,,,,,,
00012759.jpg,0.1394456049,,,,,,,,
00012760.jpg,0.4426179112,,,,,,,,
00012761.jpg,0.033351444,,,,,,,,
00012762.jpg,0.4094165814,,,,,,,,
00012763.jpg,0.4415691651,,,,,,,,
00012764.jpg,0.1181695308,,,,,,,,
00012765.jpg,0,,,,,,,,
00012766.jpg,0.1269927413,,,,,,,,
00012767.jpg,0.463194676,,,,,,,,
00012768.jpg,0,,,,,,,,
00012769.jpg,0,,,,,,,,
00012770.jpg,0,,,,,,,,
00012771.jpg,0.4726541665,,,,,,,,
00012772.jpg,0.1190568226,,,,,,,,
00012773.jpg,0.396432553,,,,,,,,
00012774.jpg,0.4589151354,,,,,,,,
00012775.jpg,0,,,,,,,,
00012776.jpg,0.4664880122,,,,,,,,
00012777.jpg,0.4898404848,,,,,,,,
00012778.jpg,0,,,,,,,,
00012779.jpg,0,,,,,,,,
00012780.jpg,0,,,,,,,,
00012781.jpg,0,,,,,,,,
00012782.jpg,0,,,,,,,,
00012783.jpg,0,,,,,,,,
00012784.jpg,0,,,,,,,,
00012785.jpg,0,,,,,,,,
00012786.jpg,0,,,,,,,,
00012787.jpg,0,,,,,,,,
00012788.jpg,0.4613590349,,,,,,,,
00012789.jpg,0.4198675287,,,,,,,,
00012790.jpg,0,,,,,,,,
00012792.jpg,0,,,,,,,,
00012793.jpg,0,,,,,,,,
00012794.jpg,0,,,,,,,,
00012795.jpg,0,,,,,,,,
00012796.jpg,0,,,,,,,,
00012797.jpg,0,,,,,,,,
00012798.jpg,0.383197066,,,,,,,,
00012799.jpg,0.3228575586,,,,,,,,
00012800.jpg,0,,,,,,,,
00012801.jpg,0,,,,,,,,
00012802.jpg,0,,,,,,,,
00012803.jpg,0,,,,,,,,
00012804.jpg,0,,,,,,,,
00012805.jpg,0,,,,,,,,
00012806.jpg,0,,,,,,,,
00012807.jpg,0,,,,,,,,
00012808.jpg,0,,,,,,,,
00012810.jpg,0,,,,,,,,
00012811.jpg,0,,,,,,,,
00012812.jpg,0,,,,,,,,
00012813.jpg,0,,,,,,,,
00012814.jpg,0,,,,,,,,
00012815.jpg,0,,,,,,,,
00012816.jpg,0,,,,,,,,
00012817.jpg,0,,,,,,,,
00012818.jpg,0.4994454128,,,,,,,,
00012819.jpg,0.4843888326,,,,,,,,
00012820.jpg,0.4913066738,,,,,,,,
00012821.jpg,0,,,,,,,,
00012822.jpg,0.3946188341,,,,,,,,
00012823.jpg,0.1293345829,,,,,,,,
00012824.jpg,0.0327437509,,,,,,,,
00012825.jpg,0.4615489038,,,,,,,,
00012826.jpg,0.478034508,,,,,,,,
00012827.jpg,0.4797957172,,,,,,,,
00012828.jpg,0,,,,,,,,
00012829.jpg,0,,,,,,,,
00012830.jpg,0,,,,,,,,
00012831.jpg,0.4352670634,,,,,,,,
00012832.jpg,0.4951428841,,,,,,,,
00012833.jpg,0.4798628963,,,,,,,,
00012834.jpg,0,,,,,,,,
00012835.jpg,0,,,,,,,,
00012836.jpg,0.4643585215,,,,,,,,
00012837.jpg,0,,,,,,,,
00012838.jpg,0,,,,,,,,
00012839.jpg,0,,,,,,,,
00012840.jpg,0,,,,,,,,
00012841.jpg,0,,,,,,,,
00012842.jpg,0.0214419727,,,,,,,,
00012843.jpg,0.1839201482,,,,,,,,
00012844.jpg,0.6442494615,,,,,,,,
00012845.jpg,0.1933266822,,,,,,,,
00012846.jpg,0,,,,,,,,
00012847.jpg,0.4822608189,,,,,,,,
00012849.jpg,0,,,,,,,,
00012850.jpg,0.0665659376,,,,,,,,
00012851.jpg,0,,,,,,,,
00012852.jpg,0.4275184508,,,,,,,,
00012853.jpg,0.4521556257,,,,,,,,
00012854.jpg,0.4904420033,,,,,,,,
00012855.jpg,0.4231893032,,,,,,,,
00012856.jpg,0.4187992074,,,,,,,,
00012857.jpg,0.5006415401,,,,,,,,
00012858.jpg,0,,,,,,,,
00012859.jpg,0,,,,,,,,
00012860.jpg,0,,,,,,,,
00012861.jpg,0,,,,,,,,
00012862.jpg,0,,,,,,,,
00012863.jpg,0,,,,,,,,
00012864.jpg,0,,,,,,,,
00012865.jpg,0,,,,,,,,
00012866.jpg,0,,,,,,,,
00012867.jpg,0,,,,,,,,
00012868.jpg,0.2580822613,,,,,,,,
00012869.jpg,0.1127008813,,,,,,,,
00012870.jpg,0,,,,,,,,
00012871.jpg,0,,,,,,,,
00012872.jpg,0,,,,,,,,
00012873.jpg,0,,,,,,,,
00012874.jpg,0,,,,,,,,
00012875.jpg,0,,,,,,,,
00012876.jpg,0,,,,,,,,
00012877.jpg,0,,,,,,,,
00012878.jpg,0.4648158044,,,,,,,,
00012879.jpg,0.1024105877,,,,,,,,
00012880.jpg,0,,,,,,,,
00012881.jpg,0,,,,,,,,
00012882.jpg,0.0843916428,,,,,,,,
00012883.jpg,0,,,,,,,,
00012884.jpg,0,,,,,,,,
00012885.jpg,0.464493931,,,,,,,,
00012886.jpg,0.5449720958,,,,,,,,
00012887.jpg,0,,,,,,,,
00012888.jpg,0,,,,,,,,
00012889.jpg,0,,,,,,,,
00012890.jpg,0.4893006196,,,,,,,,
00012891.jpg,0.4917813346,,,,,,,,
00012892.jpg,0.4319093398,,,,,,,,
00012893.jpg,0.4862039626,,,,,,,,
00012894.jpg,0,,,,,,,,
00012895.jpg,0,,,,,,,,
00012896.jpg,0.5247833061,,,,,,,,
00012897.jpg,0.0885028524,,,,,,,,
00012898.jpg,0,,,,,,,,
00012899.jpg,0,,,,,,,,
00012900.jpg,0,,,,,,,,
00012901.jpg,0,,,,,,,,
00012902.jpg,0,,,,,,,,
00012903.jpg,0,,,,,,,,
00012904.jpg,0,,,,,,,,
00012905.jpg,0,,,,,,,,
00012906.jpg,0,,,,,,,,
00012907.jpg,0,,,,,,,,
00012908.jpg,0.2334042553,,,,,,,,
00012909.jpg,0.3188319965,,,,,,,,
00012910.jpg,0,,,,,,,,
00012911.jpg,0,,,,,,,,
00012912.jpg,0,,,,,,,,
00012913.jpg,0,,,,,,,,
00012914.jpg,0,,,,,,,,
00012915.jpg,0,,,,,,,,
00012916.jpg,0,,,,,,,,
00012917.jpg,0,,,,,,,,
00012918.jpg,0,,,,,,,,
00012919.jpg,0.5131851482,,,,,,,,
00012920.jpg,0,,,,,,,,
00012921.jpg,0.4156294682,,,,,,,,
00012922.jpg,0,,,,,,,,
00012923.jpg,0.4827695426,,,,,,,,
00012924.jpg,0.1428979708,,,,,,,,
00012925.jpg,0,,,,,,,,
00012926.jpg,0.455972442,,,,,,,,
00012927.jpg,0.4674815842,,,,,,,,
00012928.jpg,0,,,,,,,,
00012929.jpg,0,,,,,,,,
00012930.jpg,0.1046580773,,,,,,,,
00012931.jpg,0,,,,,,,,
00012932.jpg,0.0690189138,,,,,,,,
00012933.jpg,0.4714827854,,,,,,,,
00012934.jpg,0,,,,,,,,
00012935.jpg,0.4533350823,,,,,,,,
00012936.jpg,0,,,,,,,,
00012937.jpg,0,,,,,,,,
00012938.jpg,0,,,,,,,,
00012939.jpg,0,,,,,,,,
00012940.jpg,0.4602676359,,,,,,,,
00012941.jpg,0.4680086269,,,,,,,,
00012942.jpg,0.4290658375,,,,,,,,
00012943.jpg,0.4388358556,,,,,,,,
00012944.jpg,0.4662918991,,,,,,,,
00012945.jpg,0,,,,,,,,
00012946.jpg,0.4624697805,,,,,,,,
00012947.jpg,0.4805447471,,,,,,,,
00012948.jpg,0,,,,,,,,
00012949.jpg,0,,,,,,,,
00012950.jpg,0.4222807047,,,,,,,,
00012951.jpg,0.4801149689,,,,,,,,
00012952.jpg,0.4826941509,,,,,,,,
00012953.jpg,0,,,,,,,,
00012954.jpg,0.4648633424,,,,,,,,
00012955.jpg,0.4633818292,,,,,,,,
00012956.jpg,0,,,,,,,,
00012957.jpg,0,,,,,,,,
00012958.jpg,0,,,,,,,,
00012959.jpg,0,,,,,,,,
00012960.jpg,0,,,,,,,,
00012961.jpg,0,,,,,,,,
00012962.jpg,0,,,,,,,,
00012963.jpg,0,,,,,,,,
00012964.jpg,0,,,,,,,,
00012965.jpg,0,,,,,,,,
00012966.jpg,0,,,,,,,,
00012967.jpg,0,,,,,,,,
00012968.jpg,0.0579064588,,,,,,,,
00012969.jpg,0.4045738693,,,,,,,,
00012970.jpg,0,,,,,,,,
00012971.jpg,0,,,,,,,,
00012972.jpg,0,,,,,,,,
00012973.jpg,0,,,,,,,,
00012974.jpg,0,,,,,,,,
00012975.jpg,0,,,,,,,,
00012976.jpg,0,,,,,,,,
00012977.jpg,0,,,,,,,,
00012978.jpg,0.0108836486,,,,,,,,
00012979.jpg,0,,,,,,,,
00012980.jpg,0.4642166804,,,,,,,,
00012981.jpg,0.3935602054,,,,,,,,
00012982.jpg,0.4832294519,,,,,,,,
00012983.jpg,0.1289687423,,,,,,,,
00012984.jpg,0,,,,,,,,
00012985.jpg,0.0386449184,,,,,,,,
00012986.jpg,0,,,,,,,,
00012987.jpg,0.412157229,,,,,,,,
00012988.jpg,0,,,,,,,,
00012989.jpg,0,,,,,,,,
00012990.jpg,0.3678977273,,,,,,,,
00012991.jpg,0.4736476677,,,,,,,,
00012992.jpg,0.4804860718,,,,,,,,
00012993.jpg,0.4499198134,,,,,,,,
00012994.jpg,0.0336352657,,,,,,,,
00012995.jpg,0.3488420613,,,,,,,,
00012996.jpg,0.462386741,,,,,,,,
00012997.jpg,0,,,,,,,,
00012998.jpg,0,,,,,,,,
00012999.jpg,0,,,,,,,,
00013000.jpg,0,,,,,,,,
00013001.jpg,0,,,,,,,,
00013002.jpg,0,,,,,,,,
00013003.jpg,0,,,,,,,,
00013004.jpg,0,,,,,,,,
00013005.jpg,0,,,,,,,,
00013006.jpg,0,,,,,,,,
00013007.jpg,0,,,,,,,,
00013008.jpg,0.0176405733,,,,,,,,
00013009.jpg,0,,,,,,,,
00013010.jpg,0,,,,,,,,
00013011.jpg,0,,,,,,,,
00013012.jpg,0,,,,,,,,
00013013.jpg,0,,,,,,,,
00013014.jpg,0,,,,,,,,
00013015.jpg,0,,,,,,,,
00013016.jpg,0,,,,,,,,
00013017.jpg,0,,,,,,,,
00013018.jpg,0,,,,,,,,
00013019.jpg,0.4383633011,,,,,,,,
00013020.jpg,0.4159668222,,,,,,,,
00013021.jpg,0.2392724165,,,,,,,,
00013022.jpg,0.4747290854,,,,,,,,
00013023.jpg,0.4390708228,,,,,,,,
00013024.jpg,0,,,,,,,,
00013025.jpg,0.4819203845,,,,,,,,
00013026.jpg,0,,,,,,,,
00013027.jpg,0.4148138187,,,,,,,,
00013028.jpg,0,,,,,,,,
00013029.jpg,0,,,,,,,,
00013030.jpg,0.4712884382,,,,,,,,
00013031.jpg,0.0740808756,,,,,,,,
00013032.jpg,0.4510603589,,,,,,,,
00013033.jpg,0.4716716932,,,,,,,,
00013034.jpg,0.2784334361,,,,,,,,
00013035.jpg,0.4320025365,,,,,,,,
00013036.jpg,0.4725481244,,,,,,,,
00013037.jpg,0.1308003737,,,,,,,,
00013038.jpg,0,,,,,,,,
00013039.jpg,0,,,,,,,,
00013040.jpg,0.6783827826,,,,,,,,
00013041.jpg,0,,,,,,,,
00013042.jpg,0.0538804269,,,,,,,,
00013043.jpg,0.0426174634,,,,,,,,
00013044.jpg,0.4694561574,,,,,,,,
00013045.jpg,0.0102688291,,,,,,,,
00013046.jpg,0.4771798601,,,,,,,,
00013047.jpg,0.4735693478,,,,,,,,
00013048.jpg,0,,,,,,,,
00013049.jpg,0,,,,,,,,
00013050.jpg,0.1896767864,,,,,,,,
00013051.jpg,0.4550831202,,,,,,,,
00013052.jpg,0.4107077374,,,,,,,,
00013053.jpg,0.4838957199,,,,,,,,
00013054.jpg,0.474168896,,,,,,,,
00013055.jpg,0,,,,,,,,
00013056.jpg,0.2600360268,,,,,,,,
00013057.jpg,0,,,,,,,,
00013058.jpg,0,,,,,,,,
00013059.jpg,0,,,,,,,,
00013060.jpg,0,,,,,,,,
00013061.jpg,0,,,,,,,,
00013062.jpg,0,,,,,,,,
00013063.jpg,0,,,,,,,,
00013064.jpg,0,,,,,,,,
00013065.jpg,0,,,,,,,,
00013066.jpg,0,,,,,,,,
00013067.jpg,0,,,,,,,,
00013068.jpg,0.0505154639,,,,,,,,
00013069.jpg,0.4437157167,,,,,,,,
00013070.jpg,0,,,,,,,,
00013071.jpg,0,,,,,,,,
00013072.jpg,0,,,,,,,,
00013073.jpg,0,,,,,,,,
00013074.jpg,0,,,,,,,,
00013075.jpg,0,,,,,,,,
00013076.jpg,0,,,,,,,,
00013077.jpg,0,,,,,,,,
00013078.jpg,0,,,,,,,,
00013079.jpg,0.4643092177,,,,,,,,
00013080.jpg,0.2519281607,,,,,,,,
00013081.jpg,0,,,,,,,,
00013082.jpg,0.4621855278,,,,,,,,
00013083.jpg,0.2721283674,,,,,,,,
00013084.jpg,0,,,,,,,,
00013085.jpg,0.5468894686,,,,,,,,
00013086.jpg,0,,,,,,,,
00013087.jpg,0,,,,,,,,
00013088.jpg,0,,,,,,,,
00013089.jpg,0,,,,,,,,
00013090.jpg,0,,,,,,,,
00013091.jpg,0,,,,,,,,
00013092.jpg,0.2642967543,,,,,,,,
00013093.jpg,0.3581833762,,,,,,,,
00013094.jpg,0.1686911711,,,,,,,,
00013095.jpg,0,,,,,,,,
00013096.jpg,0.3396851698,,,,,,,,
00013097.jpg,0,,,,,,,,
00013098.jpg,0,,,,,,,,
00013099.jpg,0,,,,,,,,
00013100.jpg,0,,,,,,,,
00013101.jpg,0,,,,,,,,
00013102.jpg,0,,,,,,,,
00013103.jpg,0,,,,,,,,
00013104.jpg,0,,,,,,,,
00013105.jpg,0,,,,,,,,
00013106.jpg,0,,,,,,,,
00013107.jpg,0,,,,,,,,
00013108.jpg,0.4694317405,,,,,,,,
00013109.jpg,0.4843734928,,,,,,,,
00013110.jpg,0,,,,,,,,
00013111.jpg,0,,,,,,,,
00013112.jpg,0,,,,,,,,
00013113.jpg,0,,,,,,,,
00013114.jpg,0,,,,,,,,
00013115.jpg,0,,,,,,,,
00013116.jpg,0,,,,,,,,
00013117.jpg,0,,,,,,,,
00013118.jpg,0.4403187069,,,,,,,,
00013119.jpg,0,,,,,,,,
00013120.jpg,0.4017662576,,,,,,,,
00013121.jpg,0.152917505,,,,,,,,
00013122.jpg,0.4672767475,,,,,,,,
00013123.jpg,0,,,,,,,,
00013124.jpg,0.2491527921,,,,,,,,
00013125.jpg,0.4644395111,,,,,,,,
00013126.jpg,0.4580854516,,,,,,,,
00013127.jpg,0.4698436808,,,,,,,,
00013128.jpg,0,,,,,,,,
00013129.jpg,0,,,,,,,,
00013130.jpg,0.4690635452,,,,,,,,
00013131.jpg,0.0756726457,,,,,,,,
00013132.jpg,0.4527734609,,,,,,,,
00013133.jpg,0.2884615385,,,,,,,,
00013134.jpg,0.1079014907,,,,,,,,
00013135.jpg,0.4461674684,,,,,,,,
00013136.jpg,0.1201710126,,,,,,,,
00013137.jpg,0.0283981362,,,,,,,,
00013138.jpg,0,,,,,,,,
00013139.jpg,0,,,,,,,,
00013140.jpg,0.4578136464,,,,,,,,
00013141.jpg,0.4667275833,,,,,,,,
00013142.jpg,0.4754689989,,,,,,,,
00013143.jpg,0,,,,,,,,
00013144.jpg,0.0315048184,,,,,,,,
00013145.jpg,0.1614323452,,,,,,,,
00013146.jpg,0.1321906068,,,,,,,,
00013147.jpg,0.5366890635,,,,,,,,
00013148.jpg,0,,,,,,,,
00013149.jpg,0,,,,,,,,
00013150.jpg,0,,,,,,,,
00013151.jpg,0,,,,,,,,
00013152.jpg,0.1597167016,,,,,,,,
00013153.jpg,0,,,,,,,,
00013154.jpg,0.3784660483,,,,,,,,
00013155.jpg,0,,,,,,,,
00013156.jpg,0.6430908871,,,,,,,,
00013157.jpg,0,,,,,,,,
00013158.jpg,0,,,,,,,,
00013159.jpg,0,,,,,,,,
00013160.jpg,0,,,,,,,,
00013161.jpg,0,,,,,,,,
00013162.jpg,0,,,,,,,,
00013163.jpg,0,,,,,,,,
00013164.jpg,0,,,,,,,,
00013165.jpg,0,,,,,,,,
00013166.jpg,0,,,,,,,,
00013167.jpg,0,,,,,,,,
00013168.jpg,0,,,,,,,,
00013169.jpg,0,,,,,,,,
00013170.jpg,0,,,,,,,,
00013171.jpg,0,,,,,,,,
00013172.jpg,0,,,,,,,,
00013173.jpg,0,,,,,,,,
00013174.jpg,0,,,,,,,,
00013175.jpg,0,,,,,,,,
00013176.jpg,0,,,,,,,,
00013177.jpg,0,,,,,,,,
00013178.jpg,0,,,,,,,,
00013179.jpg,0.4346921691,,,,,,,,
00013180.jpg,0,,,,,,,,
00013181.jpg,0.4749787956,,,,,,,,
00013182.jpg,0.2358932723,,,,,,,,
00013183.jpg,0.0429608298,,,,,,,,
00013184.jpg,0.4589722952,,,,,,,,
00013185.jpg,0.4799788264,,,,,,,,
00013186.jpg,0.4863845351,,,,,,,,
00013187.jpg,0.255693851,,,,,,,,
00013188.jpg,0,,,,,,,,
00013189.jpg,0,,,,,,,,
00013190.jpg,0.4771109498,,,,,,,,
00013191.jpg,0.1834641824,,,,,,,,
00013192.jpg,0.386130906,,,,,,,,
00013193.jpg,0.3660596753,,,,,,,,
00013194.jpg,0,,,,,,,,
00013195.jpg,0.3681093034,,,,,,,,
00013196.jpg,0.3153306679,,,,,,,,
00013197.jpg,0.3893249608,,,,,,,,
00013198.jpg,0,,,,,,,,
00013199.jpg,0,,,,,,,,
00013200.jpg,0,,,,,,,,
00013201.jpg,0,,,,,,,,
00013202.jpg,0,,,,,,,,
00013203.jpg,0,,,,,,,,
00013204.jpg,0,,,,,,,,
00013205.jpg,0,,,,,,,,
00013206.jpg,0,,,,,,,,
00013207.jpg,0,,,,,,,,
00013208.jpg,0.4604919133,,,,,,,,
00013209.jpg,0.1605268574,,,,,,,,
00013210.jpg,0,,,,,,,,
00013211.jpg,0,,,,,,,,
00013212.jpg,0,,,,,,,,
00013213.jpg,0,,,,,,,,
00013214.jpg,0,,,,,,,,
00013215.jpg,0,,,,,,,,
00013216.jpg,0,,,,,,,,
00013217.jpg,0,,,,,,,,
00013218.jpg,0.0746546227,,,,,,,,
00013219.jpg,0.4517516688,,,,,,,,
00013220.jpg,0.4410331812,,,,,,,,
00013221.jpg,0,,,,,,,,
00013222.jpg,0,,,,,,,,
00013223.jpg,0,,,,,,,,
00013224.jpg,0.4504481034,,,,,,,,
00013225.jpg,0.4648460198,,,,,,,,
00013226.jpg,0.3172599217,,,,,,,,
00013227.jpg,0,,,,,,,,
00013228.jpg,0,,,,,,,,
00013230.jpg,0.4395671392,,,,,,,,
00013231.jpg,0.191879605,,,,,,,,
00013232.jpg,0.4574308777,,,,,,,,
00013233.jpg,0.4418922614,,,,,,,,
00013234.jpg,0.1866039427,,,,,,,,
00013235.jpg,0.2473648583,,,,,,,,
00013236.jpg,0,,,,,,,,
00013237.jpg,0.4367268911,,,,,,,,
00013238.jpg,0,,,,,,,,
00013239.jpg,0,,,,,,,,
00013240.jpg,0,,,,,,,,
00013241.jpg,0.2690386666,,,,,,,,
00013242.jpg,0.1811881423,,,,,,,,
00013243.jpg,0.4366831906,,,,,,,,
00013244.jpg,0,,,,,,,,
00013245.jpg,0.1482551225,,,,,,,,
00013246.jpg,0.4356591502,,,,,,,,
00013247.jpg,0.4716775449,,,,,,,,
00013248.jpg,0,,,,,,,,
00013249.jpg,0,,,,,,,,
00013250.jpg,0.2086717729,,,,,,,,
00013251.jpg,0,,,,,,,,
00013252.jpg,0,,,,,,,,
00013253.jpg,0.4777370351,,,,,,,,
00013254.jpg,0.2366682397,,,,,,,,
00013255.jpg,0.1064658725,,,,,,,,
00013256.jpg,0,,,,,,,,
00013257.jpg,0.2279659809,,,,,,,,
00013258.jpg,0,,,,,,,,
00013259.jpg,0,,,,,,,,
00013260.jpg,0,,,,,,,,
00013261.jpg,0,,,,,,,,
00013262.jpg,0,,,,,,,,
00013263.jpg,0,,,,,,,,
00013264.jpg,0,,,,,,,,
00013265.jpg,0,,,,,,,,
00013266.jpg,0,,,,,,,,
00013267.jpg,0,,,,,,,,
00013268.jpg,0.5925867355,,,,,,,,
00013269.jpg,0,,,,,,,,
00013270.jpg,0,,,,,,,,
00013271.jpg,0,,,,,,,,
00013272.jpg,0,,,,,,,,
00013273.jpg,0,,,,,,,,
00013274.jpg,0,,,,,,,,
00013275.jpg,0,,,,,,,,
00013276.jpg,0,,,,,,,,
00013277.jpg,0,,,,,,,,
00013278.jpg,0.3230769231,,,,,,,,
00013279.jpg,0.4345281083,,,,,,,,
00013280.jpg,0.4637929977,,,,,,,,
00013281.jpg,0,,,,,,,,
00013282.jpg,0.469870707,,,,,,,,
00013283.jpg,0.3771959146,,,,,,,,
00013284.jpg,0.3969445542,,,,,,,,
00013285.jpg,0.4752091163,,,,,,,,
00013286.jpg,0.3943161634,,,,,,,,
00013287.jpg,0.271599533,,,,,,,,
00013288.jpg,0,,,,,,,,
00013289.jpg,0,,,,,,,,
00013290.jpg,0.4708482134,,,,,,,,
00013291.jpg,0.1375392435,,,,,,,,
00013292.jpg,0.3715771708,,,,,,,,
00013293.jpg,0.0663131414,,,,,,,,
00013294.jpg,0.4641145847,,,,,,,,
00013295.jpg,0.3361711417,,,,,,,,
00013296.jpg,0,,,,,,,,
00013297.jpg,0.4563820932,,,,,,,,
00013298.jpg,0,,,,,,,,
00013299.jpg,0,,,,,,,,
00013300.jpg,0,,,,,,,,
00013301.jpg,0,,,,,,,,
00013302.jpg,0,,,,,,,,
00013303.jpg,0,,,,,,,,
00013304.jpg,0,,,,,,,,
00013305.jpg,0,,,,,,,,
00013306.jpg,0,,,,,,,,
00013307.jpg,0,,,,,,,,
00013308.jpg,0.5135450353,,,,,,,,
00013309.jpg,0,,,,,,,,
00013310.jpg,0,,,,,,,,
00013311.jpg,0,,,,,,,,
00013312.jpg,0,,,,,,,,
00013313.jpg,0,,,,,,,,
00013314.jpg,0,,,,,,,,
00013315.jpg,0,,,,,,,,
00013316.jpg,0,,,,,,,,
00013317.jpg,0,,,,,,,,
00013318.jpg,0.3664593278,,,,,,,,
00013319.jpg,0,,,,,,,,
00013320.jpg,0,,,,,,,,
00013321.jpg,0.197684934,,,,,,,,
00013322.jpg,0.4647302905,,,,,,,,
00013323.jpg,0.5182145354,,,,,,,,
00013324.jpg,0.043964096,,,,,,,,
00013325.jpg,0.167791468,,,,,,,,
00013326.jpg,0.2804567777,,,,,,,,
00013327.jpg,0.2575781666,,,,,,,,
00013328.jpg,0,,,,,,,,
00013329.jpg,0,,,,,,,,
00013330.jpg,0.4625079164,,,,,,,,
00013331.jpg,0,,,,,,,,
00013332.jpg,0,,,,,,,,
00013333.jpg,0.2526559287,,,,,,,,
00013334.jpg,0,,,,,,,,
00013335.jpg,0.4646185969,,,,,,,,
00013336.jpg,0.4902633269,,,,,,,,
00013337.jpg,0.4336724401,,,,,,,,
00013338.jpg,0,,,,,,,,
00013339.jpg,0,,,,,,,,
00013340.jpg,0.2324037414,,,,,,,,
00013341.jpg,0,,,,,,,,
00013342.jpg,0.402294978,,,,,,,,
00013343.jpg,0,,,,,,,,
00013344.jpg,0.4636,,,,,,,,
00013345.jpg,0.4737181389,,,,,,,,
00013346.jpg,0.4555437478,,,,,,,,
00013347.jpg,0.4669197061,,,,,,,,
00013348.jpg,0,,,,,,,,
00013349.jpg,0,,,,,,,,
00013350.jpg,0.4780175859,,,,,,,,
00013351.jpg,0.4382097528,,,,,,,,
00013352.jpg,0,,,,,,,,
00013353.jpg,0.4852661841,,,,,,,,
00013354.jpg,0.0672561108,,,,,,,,
00013355.jpg,0,,,,,,,,
00013356.jpg,0.0483562924,,,,,,,,
00013357.jpg,0.3989134653,,,,,,,,
00013358.jpg,0,,,,,,,,
00013359.jpg,0,,,,,,,,
00013360.jpg,0,,,,,,,,
00013361.jpg,0,,,,,,,,
00013362.jpg,0,,,,,,,,
00013363.jpg,0,,,,,,,,
00013364.jpg,0,,,,,,,,
00013365.jpg,0,,,,,,,,
00013366.jpg,0,,,,,,,,
00013367.jpg,0,,,,,,,,
00013368.jpg,0.4465763207,,,,,,,,
00013369.jpg,0,,,,,,,,
00013370.jpg,0,,,,,,,,
00013371.jpg,0,,,,,,,,
00013372.jpg,0,,,,,,,,
00013373.jpg,0,,,,,,,,
00013374.jpg,0,,,,,,,,
00013375.jpg,0,,,,,,,,
00013376.jpg,0,,,,,,,,
00013377.jpg,0,,,,,,,,
00013378.jpg,0,,,,,,,,
00013379.jpg,0.4609914244,,,,,,,,
00013380.jpg,0.0646724525,,,,,,,,
00013381.jpg,0.0175391257,,,,,,,,
00013382.jpg,0,,,,,,,,
00013383.jpg,0.4881532683,,,,,,,,
00013384.jpg,0.0457075886,,,,,,,,
00013385.jpg,0.434198812,,,,,,,,
00013386.jpg,0.5046018246,,,,,,,,
00013387.jpg,0,,,,,,,,
00013388.jpg,0,,,,,,,,
00013389.jpg,0,,,,,,,,
00013390.jpg,0,,,,,,,,
00013391.jpg,0.3007911514,,,,,,,,
00013392.jpg,0,,,,,,,,
00013393.jpg,0.4618495132,,,,,,,,
00013394.jpg,0,,,,,,,,
00013395.jpg,0,,,,,,,,
00013396.jpg,0,,,,,,,,
00013397.jpg,0.3262222097,,,,,,,,
00013398.jpg,0,,,,,,,,
00013399.jpg,0,,,,,,,,
00013400.jpg,0,,,,,,,,
00013401.jpg,0,,,,,,,,
00013402.jpg,0,,,,,,,,
00013403.jpg,0,,,,,,,,
00013404.jpg,0,,,,,,,,
00013405.jpg,0,,,,,,,,
00013406.jpg,0,,,,,,,,
00013407.jpg,0,,,,,,,,
00013408.jpg,0.4651708566,,,,,,,,
00013409.jpg,0.4116424116,,,,,,,,
00013410.jpg,0,,,,,,,,
00013411.jpg,0,,,,,,,,
00013412.jpg,0,,,,,,,,
00013413.jpg,0,,,,,,,,
00013414.jpg,0,,,,,,,,
00013415.jpg,0,,,,,,,,
00013416.jpg,0,,,,,,,,
00013417.jpg,0,,,,,,,,
00013418.jpg,0.4932735426,,,,,,,,
00013419.jpg,0.4761373658,,,,,,,,
00013420.jpg,0.0937678674,,,,,,,,
00013421.jpg,0,,,,,,,,
00013422.jpg,0.4839489976,,,,,,,,
00013423.jpg,0.482586567,,,,,,,,
00013424.jpg,0.3635953705,,,,,,,,
00013425.jpg,0.4394239743,,,,,,,,
00013426.jpg,0.4572638054,,,,,,,,
00013427.jpg,0,,,,,,,,
00013428.jpg,0,,,,,,,,
00013429.jpg,0,,,,,,,,
00013430.jpg,0.0808654017,,,,,,,,
00013431.jpg,0,,,,,,,,
00013432.jpg,0,,,,,,,,
00013433.jpg,0,,,,,,,,
00013434.jpg,0,,,,,,,,
00013435.jpg,0,,,,,,,,
00013436.jpg,0.085818943,,,,,,,,
00013437.jpg,0.4619684568,,,,,,,,
00013438.jpg,0,,,,,,,,
00013439.jpg,0,,,,,,,,
00013440.jpg,0.481156288,,,,,,,,
00013441.jpg,0.0247331616,,,,,,,,
00013442.jpg,0.3236651606,,,,,,,,
00013443.jpg,0.4640599847,,,,,,,,
00013444.jpg,0.5473568212,,,,,,,,
00013445.jpg,0.1856534286,,,,,,,,
00013446.jpg,0,,,,,,,,
00013447.jpg,0.5435433397,,,,,,,,
00013448.jpg,0,,,,,,,,
00013449.jpg,0,,,,,,,,
00013450.jpg,0.4824561404,,,,,,,,
00013451.jpg,0,,,,,,,,
00013452.jpg,0.541868546,,,,,,,,
00013453.jpg,0.4736689876,,,,,,,,
00013454.jpg,0.4715344979,,,,,,,,
00013455.jpg,0,,,,,,,,
00013456.jpg,0,,,,,,,,
00013457.jpg,0,,,,,,,,
00013458.jpg,0,,,,,,,,
00013459.jpg,0,,,,,,,,
00013460.jpg,0,,,,,,,,
00013461.jpg,0,,,,,,,,
00013462.jpg,0,,,,,,,,
00013463.jpg,0,,,,,,,,
00013464.jpg,0,,,,,,,,
00013465.jpg,0,,,,,,,,
00013466.jpg,0,,,,,,,,
00013467.jpg,0,,,,,,,,
00013468.jpg,0.3965695288,,,,,,,,
00013469.jpg,0.2436816517,,,,,,,,
00013470.jpg,0,,,,,,,,
00013471.jpg,0,,,,,,,,
00013472.jpg,0,,,,,,,,
00013473.jpg,0,,,,,,,,
00013474.jpg,0,,,,,,,,
00013475.jpg,0,,,,,,,,
00013476.jpg,0,,,,,,,,
00013477.jpg,0,,,,,,,,
00013478.jpg,0,,,,,,,,
00013479.jpg,0.4393402566,,,,,,,,
00013480.jpg,0,,,,,,,,
00013481.jpg,0,,,,,,,,
00013482.jpg,0.2618118863,,,,,,,,
00013483.jpg,0.0575949367,,,,,,,,
00013484.jpg,0,,,,,,,,
00013485.jpg,0,,,,,,,,
00013486.jpg,0.4700109268,,,,,,,,
00013487.jpg,0,,,,,,,,
00013488.jpg,0,,,,,,,,
00013489.jpg,0,,,,,,,,
00013490.jpg,0.0245931953,,,,,,,,
00013491.jpg,0,,,,,,,,
00013492.jpg,0.4743612973,,,,,,,,
00013493.jpg,0.0110919101,,,,,,,,
00013494.jpg,0.4598323322,,,,,,,,
00013495.jpg,0,,,,,,,,
00013496.jpg,0.1909499358,,,,,,,,
00013497.jpg,0.4693283669,,,,,,,,
00013498.jpg,0,,,,,,,,
00013499.jpg,0,,,,,,,,
00013500.jpg,0,,,,,,,,
00013501.jpg,0,,,,,,,,
00013502.jpg,0,,,,,,,,
00013503.jpg,0,,,,,,,,
00013504.jpg,0,,,,,,,,
00013505.jpg,0,,,,,,,,
00013506.jpg,0,,,,,,,,
00013507.jpg,0,,,,,,,,
00013508.jpg,0,,,,,,,,
00013509.jpg,0.2825779037,,,,,,,,
00013510.jpg,0,,,,,,,,
00013511.jpg,0,,,,,,,,
00013512.jpg,0,,,,,,,,
00013513.jpg,0,,,,,,,,
00013514.jpg,0,,,,,,,,
00013515.jpg,0,,,,,,,,
00013516.jpg,0,,,,,,,,
00013517.jpg,0,,,,,,,,
00013518.jpg,0,,,,,,,,
00013519.jpg,0.4806344455,,,,,,,,
00013520.jpg,0.1733029817,,,,,,,,
00013521.jpg,0.4586443025,,,,,,,,
00013523.jpg,0.4352304437,,,,,,,,
00013524.jpg,0.1144552777,,,,,,,,
00013525.jpg,0.4741553101,,,,,,,,
00013526.jpg,0.1609360505,,,,,,,,
00013527.jpg,0.4544049459,,,,,,,,
00013528.jpg,0,,,,,,,,
00013529.jpg,0,,,,,,,,
00013530.jpg,0,,,,,,,,
00013531.jpg,0,,,,,,,,
00013532.jpg,0.4557325405,,,,,,,,
00013533.jpg,0.2330708661,,,,,,,,
00013534.jpg,0.0275328415,,,,,,,,
00013535.jpg,0,,,,,,,,
00013536.jpg,0.392825827,,,,,,,,
00013537.jpg,0.4709302326,,,,,,,,
00013538.jpg,0,,,,,,,,
00013539.jpg,0,,,,,,,,
00013540.jpg,0,,,,,,,,
00013541.jpg,0.4968114293,,,,,,,,
00013542.jpg,0.1381877142,,,,,,,,
00013543.jpg,0.4430037266,,,,,,,,
00013544.jpg,0,,,,,,,,
00013545.jpg,0,,,,,,,,
00013546.jpg,0,,,,,,,,
00013547.jpg,0.5282773383,,,,,,,,
00013548.jpg,0,,,,,,,,
00013549.jpg,0,,,,,,,,
00013550.jpg,0,,,,,,,,
00013551.jpg,0.4504730159,,,,,,,,
00013552.jpg,0.4448098049,,,,,,,,
00013553.jpg,0.5432460535,,,,,,,,
00013554.jpg,0,,,,,,,,
00013556.jpg,0.07051426,,,,,,,,
00013557.jpg,0.4069061779,,,,,,,,
00013558.jpg,0,,,,,,,,
00013559.jpg,0,,,,,,,,
00013560.jpg,0,,,,,,,,
00013561.jpg,0,,,,,,,,
00013562.jpg,0,,,,,,,,
00013563.jpg,0,,,,,,,,
00013564.jpg,0,,,,,,,,
00013565.jpg,0,,,,,,,,
00013566.jpg,0,,,,,,,,
00013567.jpg,0,,,,,,,,
00013568.jpg,0.4240016634,,,,,,,,
00013569.jpg,0.4679324429,,,,,,,,
00013570.jpg,0,,,,,,,,
00013571.jpg,0,,,,,,,,
00013572.jpg,0,,,,,,,,
00013573.jpg,0,,,,,,,,
00013574.jpg,0,,,,,,,,
00013575.jpg,0,,,,,,,,
00013576.jpg,0,,,,,,,,
00013577.jpg,0,,,,,,,,
00013578.jpg,0,,,,,,,,
00013579.jpg,0.3664225658,,,,,,,,
00013580.jpg,0.4784976526,,,,,,,,
00013581.jpg,0.4735225861,,,,,,,,
00013582.jpg,0.4729805535,,,,,,,,
00013583.jpg,0.4149317461,,,,,,,,
00013584.jpg,0,,,,,,,,
00013585.jpg,0.1680084004,,,,,,,,
00013586.jpg,0.2624863288,,,,,,,,
00013587.jpg,0,,,,,,,,
00013588.jpg,0,,,,,,,,
00013589.jpg,0,,,,,,,,
00013590.jpg,0,,,,,,,,
00013591.jpg,0.4671160441,,,,,,,,
00013592.jpg,0.370235373,,,,,,,,
00013593.jpg,0,,,,,,,,
00013594.jpg,0.4861807015,,,,,,,,
00013595.jpg,0.2047389549,,,,,,,,
00013596.jpg,0,,,,,,,,
00013597.jpg,0.4614037222,,,,,,,,
00013598.jpg,0,,,,,,,,
00013599.jpg,0,,,,,,,,
00013600.jpg,0,,,,,,,,
00013601.jpg,0,,,,,,,,
00013602.jpg,0,,,,,,,,
00013603.jpg,0,,,,,,,,
00013604.jpg,0,,,,,,,,
00013605.jpg,0,,,,,,,,
00013606.jpg,0,,,,,,,,
00013607.jpg,0,,,,,,,,
00013608.jpg,0,,,,,,,,
00013609.jpg,0.4374740915,,,,,,,,
00013610.jpg,0,,,,,,,,
00013611.jpg,0,,,,,,,,
00013612.jpg,0,,,,,,,,
00013613.jpg,0,,,,,,,,
00013614.jpg,0,,,,,,,,
00013615.jpg,0,,,,,,,,
00013616.jpg,0,,,,,,,,
00013617.jpg,0,,,,,,,,
00013618.jpg,0.4691312891,,,,,,,,
00013619.jpg,0,,,,,,,,
00013620.jpg,0.3892101707,,,,,,,,
00013621.jpg,0,,,,,,,,
00013622.jpg,0.53185251,,,,,,,,
00013623.jpg,0,,,,,,,,
00013624.jpg,0.4132550197,,,,,,,,
00013625.jpg,0,,,,,,,,
00013626.jpg,0.0486486486,,,,,,,,
00013627.jpg,0,,,,,,,,
00013628.jpg,0,,,,,,,,
00013629.jpg,0,,,,,,,,
00013630.jpg,0.105601341,,,,,,,,
00013631.jpg,0,,,,,,,,
00013632.jpg,0.4969555035,,,,,,,,
00013633.jpg,0.0544535765,,,,,,,,
00013634.jpg,0.4242204922,,,,,,,,
00013635.jpg,0.4734825913,,,,,,,,
00013636.jpg,0.4819785515,,,,,,,,
00013637.jpg,0.3383644347,,,,,,,,
00013638.jpg,0,,,,,,,,
00013639.jpg,0,,,,,,,,
00013640.jpg,0.4779097013,,,,,,,,
00013641.jpg,0,,,,,,,,
00013642.jpg,0.281700331,,,,,,,,
00013643.jpg,0.4664263182,,,,,,,,
00013644.jpg,0,,,,,,,,
00013645.jpg,0,,,,,,,,
00013646.jpg,0.4308303114,,,,,,,,
00013647.jpg,0.3501142298,,,,,,,,
00013648.jpg,0,,,,,,,,
00013649.jpg,0,,,,,,,,
00013650.jpg,0,,,,,,,,
00013651.jpg,0.4955292876,,,,,,,,
00013652.jpg,0.4706880007,,,,,,,,
00013653.jpg,0,,,,,,,,
00013654.jpg,0,,,,,,,,
00013655.jpg,0,,,,,,,,
00013656.jpg,0,,,,,,,,
00013657.jpg,0.1124828532,,,,,,,,
00013658.jpg,0,,,,,,,,
00013659.jpg,0,,,,,,,,
00013660.jpg,0,,,,,,,,
00013661.jpg,0,,,,,,,,
00013662.jpg,0,,,,,,,,
00013663.jpg,0,,,,,,,,
00013664.jpg,0,,,,,,,,
00013665.jpg,0,,,,,,,,
00013666.jpg,0,,,,,,,,
00013667.jpg,0,,,,,,,,
00013668.jpg,0.4795587923,,,,,,,,
00013669.jpg,0.4579920261,,,,,,,,
00013670.jpg,0,,,,,,,,
00013671.jpg,0,,,,,,,,
00013672.jpg,0,,,,,,,,
00013673.jpg,0,,,,,,,,
00013674.jpg,0,,,,,,,,
00013675.jpg,0,,,,,,,,
00013676.jpg,0,,,,,,,,
00013677.jpg,0,,,,,,,,
00013678.jpg,0.1122991347,,,,,,,,
00013679.jpg,0.30502207,,,,,,,,
00013680.jpg,0.5396144369,,,,,,,,
00013681.jpg,0.473367043,,,,,,,,
00013682.jpg,0,,,,,,,,
00013683.jpg,0.4840949948,,,,,,,,
00013684.jpg,0.2809191735,,,,,,,,
00013685.jpg,0.0169992806,,,,,,,,
00013686.jpg,0.4615856006,,,,,,,,
00013687.jpg,0.4788671959,,,,,,,,
00013688.jpg,0,,,,,,,,
00013689.jpg,0,,,,,,,,
00013690.jpg,0.4400240551,,,,,,,,
00013691.jpg,0.4700631549,,,,,,,,
00013692.jpg,0,,,,,,,,
00013693.jpg,0.3879845083,,,,,,,,
00013694.jpg,0.4322853688,,,,,,,,
00013695.jpg,0.4583910828,,,,,,,,
00013696.jpg,0.457732877,,,,,,,,
00013697.jpg,0,,,,,,,,
00013698.jpg,0,,,,,,,,
00013699.jpg,0,,,,,,,,
00013700.jpg,0,,,,,,,,
00013701.jpg,0,,,,,,,,
00013702.jpg,0,,,,,,,,
00013703.jpg,0,,,,,,,,
00013704.jpg,0,,,,,,,,
00013705.jpg,0,,,,,,,,
00013706.jpg,0,,,,,,,,
00013707.jpg,0,,,,,,,,
00013708.jpg,0,,,,,,,,
00013709.jpg,0.4405478768,,,,,,,,
00013710.jpg,0,,,,,,,,
00013711.jpg,0,,,,,,,,
00013712.jpg,0,,,,,,,,
00013713.jpg,0,,,,,,,,
00013714.jpg,0,,,,,,,,
00013715.jpg,0,,,,,,,,
00013716.jpg,0,,,,,,,,
00013717.jpg,0,,,,,,,,
00013718.jpg,0.3894310781,,,,,,,,
00013719.jpg,0,,,,,,,,
00013720.jpg,0.3922781796,,,,,,,,
00013721.jpg,0,,,,,,,,
00013722.jpg,0.3608460026,,,,,,,,
00013723.jpg,0.476070678,,,,,,,,
00013724.jpg,0.6020555098,,,,,,,,
00013725.jpg,0,,,,,,,,
00013726.jpg,0,,,,,,,,
00013727.jpg,0.4874397193,,,,,,,,
00013728.jpg,0,,,,,,,,
00013729.jpg,0,,,,,,,,
00013730.jpg,0.2082298954,,,,,,,,
00013731.jpg,0.428964109,,,,,,,,
00013732.jpg,0,,,,,,,,
00013733.jpg,0.1429885442,,,,,,,,
00013734.jpg,0.4605110406,,,,,,,,
00013735.jpg,0.459591602,,,,,,,,
00013736.jpg,0.471168606,,,,,,,,
00013737.jpg,0,,,,,,,,
00013738.jpg,0,,,,,,,,
00013739.jpg,0,,,,,,,,
00013740.jpg,0,,,,,,,,
00013741.jpg,0.4871419576,,,,,,,,
00013742.jpg,0,,,,,,,,
00013743.jpg,0.0770020534,,,,,,,,
00013744.jpg,0,,,,,,,,
00013745.jpg,0,,,,,,,,
00013746.jpg,0,,,,,,,,
00013747.jpg,0,,,,,,,,
00013748.jpg,0,,,,,,,,
00013749.jpg,0,,,,,,,,
00013750.jpg,0,,,,,,,,
00013751.jpg,0.4897983701,,,,,,,,
00013752.jpg,0,,,,,,,,
00013753.jpg,0.3762729659,,,,,,,,
00013754.jpg,0,,,,,,,,
00013755.jpg,0.4440438513,,,,,,,,
00013756.jpg,0,,,,,,,,
00013757.jpg,0.4618245508,,,,,,,,
00013758.jpg,0,,,,,,,,
00013759.jpg,0,,,,,,,,
00013760.jpg,0,,,,,,,,
00013761.jpg,0,,,,,,,,
00013762.jpg,0,,,,,,,,
00013763.jpg,0,,,,,,,,
00013764.jpg,0,,,,,,,,
00013765.jpg,0,,,,,,,,
00013766.jpg,0,,,,,,,,
00013767.jpg,0,,,,,,,,
00013768.jpg,0.4510004463,,,,,,,,
00013769.jpg,0,,,,,,,,
00013770.jpg,0,,,,,,,,
00013771.jpg,0,,,,,,,,
00013772.jpg,0,,,,,,,,
00013773.jpg,0,,,,,,,,
00013774.jpg,0,,,,,,,,
00013775.jpg,0,,,,,,,,
00013776.jpg,0,,,,,,,,
00013777.jpg,0,,,,,,,,
00013778.jpg,0.0921217174,,,,,,,,
00013779.jpg,0.1755791386,,,,,,,,
00013780.jpg,0,,,,,,,,
00013781.jpg,0.3959804174,,,,,,,,
00013782.jpg,0.2271191254,,,,,,,,
00013783.jpg,0.3712380511,,,,,,,,
00013784.jpg,0.4392554992,,,,,,,,
00013785.jpg,0,,,,,,,,
00013786.jpg,0.2258778867,,,,,,,,
00013787.jpg,0.4552670371,,,,,,,,
00013788.jpg,0,,,,,,,,
00013789.jpg,0,,,,,,,,
00013790.jpg,0.4685121672,,,,,,,,
00013791.jpg,0,,,,,,,,
00013792.jpg,0.4686938371,,,,,,,,
00013793.jpg,0.5569350677,,,,,,,,
00013794.jpg,0.2065013339,,,,,,,,
00013795.jpg,0,,,,,,,,
00013796.jpg,0.0511875909,,,,,,,,
00013797.jpg,0,,,,,,,,
00013798.jpg,0,,,,,,,,
00013799.jpg,0,,,,,,,,
00013800.jpg,0.4832253068,,,,,,,,
00013801.jpg,0.5571294064,,,,,,,,
00013802.jpg,0,,,,,,,,
00013803.jpg,0.0980887855,,,,,,,,
00013804.jpg,0.3953051643,,,,,,,,
00013805.jpg,0.5748993272,,,,,,,,
00013806.jpg,0.4791144751,,,,,,,,
00013807.jpg,0.4633287839,,,,,,,,
00013808.jpg,0,,,,,,,,
00013809.jpg,0,,,,,,,,
00013810.jpg,0.3870508716,,,,,,,,
00013811.jpg,0.0463068645,,,,,,,,
00013812.jpg,0,,,,,,,,
00013813.jpg,0,,,,,,,,
00013814.jpg,0,,,,,,,,
00013815.jpg,0,,,,,,,,
00013816.jpg,0,,,,,,,,
00013817.jpg,0.4614385686,,,,,,,,
00013818.jpg,0,,,,,,,,
00013819.jpg,0,,,,,,,,
00013820.jpg,0,,,,,,,,
00013821.jpg,0,,,,,,,,
00013822.jpg,0,,,,,,,,
00013823.jpg,0,,,,,,,,
00013824.jpg,0,,,,,,,,
00013825.jpg,0,,,,,,,,
00013826.jpg,0,,,,,,,,
00013827.jpg,0,,,,,,,,
00013828.jpg,0,,,,,,,,
00013829.jpg,0,,,,,,,,
00013830.jpg,0,,,,,,,,
00013831.jpg,0,,,,,,,,
00013832.jpg,0,,,,,,,,
00013833.jpg,0,,,,,,,,
00013834.jpg,0,,,,,,,,
00013835.jpg,0,,,,,,,,
00013836.jpg,0,,,,,,,,
00013837.jpg,0,,,,,,,,
00013838.jpg,0.4500171762,,,,,,,,
00013839.jpg,0.4657660555,,,,,,,,
00013840.jpg,0,,,,,,,,
00013841.jpg,0,,,,,,,,
00013842.jpg,0,,,,,,,,
00013843.jpg,0,,,,,,,,
00013844.jpg,0,,,,,,,,
00013845.jpg,0,,,,,,,,
00013846.jpg,0,,,,,,,,
00013847.jpg,0,,,,,,,,
00013848.jpg,0.4874936524,,,,,,,,
00013849.jpg,0,,,,,,,,
00013850.jpg,0,,,,,,,,
00013851.jpg,0,,,,,,,,
00013852.jpg,0,,,,,,,,
00013853.jpg,0,,,,,,,,
00013854.jpg,0,,,,,,,,
00013855.jpg,0,,,,,,,,
00013856.jpg,0,,,,,,,,
00013857.jpg,0,,,,,,,,
00013858.jpg,0.1880882935,,,,,,,,
00013859.jpg,0.4922120018,,,,,,,,
00013860.jpg,0.4875487282,,,,,,,,
00013861.jpg,0,,,,,,,,
00013862.jpg,0.4352655603,,,,,,,,
00013863.jpg,0.1560479772,,,,,,,,
00013864.jpg,0,,,,,,,,
00013865.jpg,0,,,,,,,,
00013866.jpg,0.6056831653,,,,,,,,
00013867.jpg,0,,,,,,,,
00013868.jpg,0,,,,,,,,
00013869.jpg,0,,,,,,,,
00013870.jpg,0.4207750652,,,,,,,,
00013871.jpg,0.4266274675,,,,,,,,
00013872.jpg,0.4506344785,,,,,,,,
00013873.jpg,0.4320903009,,,,,,,,
00013874.jpg,0,,,,,,,,
00013875.jpg,0.0436381235,,,,,,,,
00013876.jpg,0.2208708964,,,,,,,,
00013877.jpg,0.4787408973,,,,,,,,
00013878.jpg,0,,,,,,,,
00013879.jpg,0,,,,,,,,
00013880.jpg,0,,,,,,,,
00013881.jpg,0,,,,,,,,
00013882.jpg,0,,,,,,,,
00013883.jpg,0,,,,,,,,
00013884.jpg,0,,,,,,,,
00013885.jpg,0,,,,,,,,
00013886.jpg,0,,,,,,,,
00013887.jpg,0,,,,,,,,
00013888.jpg,0.4795981303,,,,,,,,
00013889.jpg,0.0445011009,,,,,,,,
00013890.jpg,0,,,,,,,,
00013891.jpg,0,,,,,,,,
00013892.jpg,0,,,,,,,,
00013893.jpg,0,,,,,,,,
00013894.jpg,0,,,,,,,,
00013895.jpg,0,,,,,,,,
00013896.jpg,0,,,,,,,,
00013897.jpg,0,,,,,,,,
00013898.jpg,0,,,,,,,,
00013899.jpg,0,,,,,,,,
00013900.jpg,0.5042763313,,,,,,,,
00013901.jpg,0.437863295,,,,,,,,
00013902.jpg,0.4513751573,,,,,,,,
00013903.jpg,0.3830586504,,,,,,,,
00013904.jpg,0.0505649718,,,,,,,,
00013905.jpg,0.451033918,,,,,,,,
00013906.jpg,0.4498652987,,,,,,,,
00013907.jpg,0.3967681624,,,,,,,,
00013908.jpg,0,,,,,,,,
00013909.jpg,0,,,,,,,,
00013910.jpg,0,,,,,,,,
00013911.jpg,0,,,,,,,,
00013912.jpg,0.3622920518,,,,,,,,
00013913.jpg,0.0422725229,,,,,,,,
00013914.jpg,0.0419989672,,,,,,,,
00013915.jpg,0.4812858166,,,,,,,,
00013916.jpg,0,,,,,,,,
00013917.jpg,0.5388048041,,,,,,,,
00013918.jpg,0,,,,,,,,
00013919.jpg,0,,,,,,,,
00013920.jpg,0,,,,,,,,
00013921.jpg,0,,,,,,,,
00013922.jpg,0,,,,,,,,
00013923.jpg,0,,,,,,,,
00013924.jpg,0,,,,,,,,
00013925.jpg,0,,,,,,,,
00013926.jpg,0,,,,,,,,
00013927.jpg,0,,,,,,,,
00013928.jpg,0.4751978238,,,,,,,,
00013929.jpg,0.26327825,,,,,,,,
00013930.jpg,0,,,,,,,,
00013931.jpg,0,,,,,,,,
00013932.jpg,0,,,,,,,,
00013933.jpg,0,,,,,,,,
00013934.jpg,0,,,,,,,,
00013935.jpg,0,,,,,,,,
00013936.jpg,0,,,,,,,,
00013937.jpg,0,,,,,,,,
00013938.jpg,0,,,,,,,,
00013939.jpg,0.4829339143,,,,,,,,
00013940.jpg,0,,,,,,,,
00013941.jpg,0,,,,,,,,
00013942.jpg,0,,,,,,,,
00013943.jpg,0,,,,,,,,
00013944.jpg,0,,,,,,,,
00013945.jpg,0,,,,,,,,
00013946.jpg,0,,,,,,,,
00013947.jpg,0,,,,,,,,
00013948.jpg,0.0960614793,,,,,,,,
00013949.jpg,0.4152143338,,,,,,,,
00013950.jpg,0,,,,,,,,
00013951.jpg,0,,,,,,,,
00013952.jpg,0,,,,,,,,
00013953.jpg,0,,,,,,,,
00013954.jpg,0,,,,,,,,
00013955.jpg,0,,,,,,,,
00013956.jpg,0,,,,,,,,
00013957.jpg,0,,,,,,,,
00013958.jpg,0,,,,,,,,
00013959.jpg,0.4369172417,,,,,,,,
00013960.jpg,0.4223290616,,,,,,,,
00013961.jpg,0.4572675687,,,,,,,,
00013962.jpg,0.0701547183,,,,,,,,
00013963.jpg,0,,,,,,,,
00013964.jpg,0.4310240843,,,,,,,,
00013965.jpg,0.1846820994,,,,,,,,
00013966.jpg,0.0288007373,,,,,,,,
00013967.jpg,0,,,,,,,,
00013968.jpg,0,,,,,,,,
00013969.jpg,0,,,,,,,,
00013970.jpg,0.0716045328,,,,,,,,
00013971.jpg,0.443438914,,,,,,,,
00013972.jpg,0.1521997622,,,,,,,,
00013973.jpg,0,,,,,,,,
00013974.jpg,0,,,,,,,,
00013975.jpg,0.0370825751,,,,,,,,
00013976.jpg,0.460197146,,,,,,,,
00013977.jpg,0,,,,,,,,
00013978.jpg,0,,,,,,,,
00013979.jpg,0,,,,,,,,
00013980.jpg,0,,,,,,,,
00013981.jpg,0,,,,,,,,
00013983.jpg,0,,,,,,,,
00013985.jpg,0,,,,,,,,
00013986.jpg,0,,,,,,,,
00013987.jpg,0,,,,,,,,
00013988.jpg,0,,,,,,,,
00013989.jpg,0,,,,,,,,
00013990.jpg,0,,,,,,,,
00013991.jpg,0,,,,,,,,
00013992.jpg,0,,,,,,,,
00013993.jpg,0,,,,,,,,
00013994.jpg,0,,,,,,,,
00013995.jpg,0,,,,,,,,
00013996.jpg,0,,,,,,,,
00013997.jpg,0,,,,,,,,
00013998.jpg,0.6979028009,,,,,,,,
00013999.jpg,0.3202614379,,,,,,,,
00014000.jpg,0.4104398635,,,,,,,,
00014001.jpg,0.1136537196,,,,,,,,
00014002.jpg,0.4398331992,,,,,,,,
00014003.jpg,0.025514384,,,,,,,,
00014004.jpg,0.3913837167,,,,,,,,
00014005.jpg,0.4356784852,,,,,,,,
00014006.jpg,0.4832074805,,,,,,,,
00014007.jpg,0.4576792236,,,,,,,,
00014008.jpg,0,,,,,,,,
00014009.jpg,0,,,,,,,,
00014010.jpg,0,,,,,,,,
00014011.jpg,0.4658471677,,,,,,,,
00014012.jpg,0,,,,,,,,
00014013.jpg,0.4041763502,,,,,,,,
00014014.jpg,0.4612988986,,,,,,,,
00014015.jpg,0.368928351,,,,,,,,
00014016.jpg,0.394437421,,,,,,,,
00014017.jpg,0.1072256569,,,,,,,,
00014018.jpg,0,,,,,,,,
00014019.jpg,0,,,,,,,,
00014020.jpg,0,,,,,,,,
00014021.jpg,0,,,,,,,,
00014022.jpg,0,,,,,,,,
00014023.jpg,0,,,,,,,,
00014024.jpg,0,,,,,,,,
00014025.jpg,0,,,,,,,,
00014026.jpg,0,,,,,,,,
00014027.jpg,0,,,,,,,,
00014028.jpg,0.4744041115,,,,,,,,
00014029.jpg,0,,,,,,,,
00014030.jpg,0,,,,,,,,
00014031.jpg,0,,,,,,,,
00014032.jpg,0,,,,,,,,
00014033.jpg,0,,,,,,,,
00014034.jpg,0,,,,,,,,
00014035.jpg,0,,,,,,,,
00014036.jpg,0,,,,,,,,
00014037.jpg,0,,,,,,,,
00014038.jpg,0.4580928192,,,,,,,,
00014039.jpg,0,,,,,,,,
00014040.jpg,0,,,,,,,,
00014041.jpg,0,,,,,,,,
00014042.jpg,0,,,,,,,,
00014043.jpg,0,,,,,,,,
00014044.jpg,0,,,,,,,,
00014045.jpg,0,,,,,,,,
00014046.jpg,0,,,,,,,,
00014047.jpg,0,,,,,,,,
00014048.jpg,0.2470766995,,,,,,,,
00014049.jpg,0,,,,,,,,
00014050.jpg,0,,,,,,,,
00014051.jpg,0,,,,,,,,
00014052.jpg,0,,,,,,,,
00014053.jpg,0,,,,,,,,
00014054.jpg,0,,,,,,,,
00014055.jpg,0,,,,,,,,
00014056.jpg,0,,,,,,,,
00014058.jpg,0.0388132114,,,,,,,,
00014059.jpg,0.4728595491,,,,,,,,
00014060.jpg,0.6556485092,,,,,,,,
00014061.jpg,0.126506518,,,,,,,,
00014062.jpg,0,,,,,,,,
00014063.jpg,0.2629436549,,,,,,,,
00014064.jpg,0.3045085526,,,,,,,,
00014065.jpg,0,,,,,,,,
00014066.jpg,0.3764213729,,,,,,,,
00014067.jpg,0,,,,,,,,
00014068.jpg,0,,,,,,,,
00014069.jpg,0,,,,,,,,
00014070.jpg,0,,,,,,,,
00014071.jpg,0.1696202532,,,,,,,,
00014072.jpg,0.4474495376,,,,,,,,
00014073.jpg,0.4614365051,,,,,,,,
00014074.jpg,0.4504054117,,,,,,,,
00014075.jpg,0.2660853879,,,,,,,,
00014076.jpg,0.4592852958,,,,,,,,
00014077.jpg,0.4591167468,,,,,,,,
00014078.jpg,0,,,,,,,,
00014079.jpg,0,,,,,,,,
00014080.jpg,0,,,,,,,,
00014081.jpg,0,,,,,,,,
00014082.jpg,0,,,,,,,,
00014083.jpg,0,,,,,,,,
00014084.jpg,0,,,,,,,,
00014085.jpg,0,,,,,,,,
00014086.jpg,0,,,,,,,,
00014087.jpg,0,,,,,,,,
00014088.jpg,0,,,,,,,,
00014089.jpg,0.0091394542,,,,,,,,
00014090.jpg,0,,,,,,,,
00014091.jpg,0,,,,,,,,
00014092.jpg,0,,,,,,,,
00014093.jpg,0,,,,,,,,
00014094.jpg,0,,,,,,,,
00014095.jpg,0,,,,,,,,
00014096.jpg,0,,,,,,,,
00014097.jpg,0,,,,,,,,
00014098.jpg,0.1316433178,,,,,,,,
00014099.jpg,0.4462488864,,,,,,,,
00014100.jpg,0.4295881483,,,,,,,,
00014101.jpg,0,,,,,,,,
00014102.jpg,0.470418715,,,,,,,,
00014103.jpg,0,,,,,,,,
00014104.jpg,0.4832935561,,,,,,,,
00014105.jpg,0,,,,,,,,
00014106.jpg,0.448097972,,,,,,,,
00014107.jpg,0,,,,,,,,
00014108.jpg,0,,,,,,,,
00014109.jpg,0,,,,,,,,
00014110.jpg,0.0321746799,,,,,,,,
00014111.jpg,0.0264905195,,,,,,,,
00014112.jpg,0.2271706026,,,,,,,,
00014113.jpg,0.2542278762,,,,,,,,
00014114.jpg,0.42573973,,,,,,,,
00014115.jpg,0.402579531,,,,,,,,
00014116.jpg,0.4914512086,,,,,,,,
00014117.jpg,0.1312350526,,,,,,,,
00014118.jpg,0,,,,,,,,
00014120.jpg,0,,,,,,,,
00014121.jpg,0,,,,,,,,
00014122.jpg,0,,,,,,,,
00014123.jpg,0,,,,,,,,
00014124.jpg,0,,,,,,,,
00014125.jpg,0,,,,,,,,
00014126.jpg,0,,,,,,,,
00014127.jpg,0,,,,,,,,
00014128.jpg,0.1152576288,,,,,,,,
00014129.jpg,0,,,,,,,,
00014130.jpg,0,,,,,,,,
00014131.jpg,0,,,,,,,,
00014132.jpg,0,,,,,,,,
00014133.jpg,0,,,,,,,,
00014134.jpg,0,,,,,,,,
00014135.jpg,0,,,,,,,,
00014136.jpg,0,,,,,,,,
00014137.jpg,0,,,,,,,,
00014138.jpg,0.4621152404,,,,,,,,
00014139.jpg,0,,,,,,,,
00014140.jpg,0,,,,,,,,
00014141.jpg,0,,,,,,,,
00014142.jpg,0,,,,,,,,
00014143.jpg,0,,,,,,,,
00014144.jpg,0,,,,,,,,
00014145.jpg,0,,,,,,,,
00014146.jpg,0,,,,,,,,
00014147.jpg,0,,,,,,,,
00014148.jpg,0.4816890534,,,,,,,,
00014149.jpg,0.3938394693,,,,,,,,
00014150.jpg,0,,,,,,,,
00014151.jpg,0,,,,,,,,
00014152.jpg,0,,,,,,,,
00014153.jpg,0,,,,,,,,
00014154.jpg,0,,,,,,,,
00014155.jpg,0,,,,,,,,
00014156.jpg,0,,,,,,,,
00014157.jpg,0,,,,,,,,
00014158.jpg,0,,,,,,,,
00014159.jpg,0.4600375374,,,,,,,,
00014160.jpg,0.4810545287,,,,,,,,
00014161.jpg,0.0900601254,,,,,,,,
00014162.jpg,0,,,,,,,,
00014163.jpg,0.4749243751,,,,,,,,
00014164.jpg,0.7182543461,,,,,,,,
00014165.jpg,0,,,,,,,,
00014166.jpg,0.3681556833,,,,,,,,
00014167.jpg,0.4733195576,,,,,,,,
00014168.jpg,0,,,,,,,,
00014169.jpg,0,,,,,,,,
00014170.jpg,0,,,,,,,,
00014171.jpg,0.1757751506,,,,,,,,
00014172.jpg,0,,,,,,,,
00014173.jpg,0.0110020392,,,,,,,,
00014174.jpg,0.4498130841,,,,,,,,
00014175.jpg,0,,,,,,,,
00014176.jpg,0,,,,,,,,
00014177.jpg,0.4664703958,,,,,,,,
00014178.jpg,0,,,,,,,,
00014179.jpg,0,,,,,,,,
00014180.jpg,0,,,,,,,,
00014181.jpg,0,,,,,,,,
00014182.jpg,0,,,,,,,,
00014183.jpg,0,,,,,,,,
00014184.jpg,0,,,,,,,,
00014185.jpg,0,,,,,,,,
00014186.jpg,0,,,,,,,,
00014187.jpg,0,,,,,,,,
00014188.jpg,0.4331855605,,,,,,,,
00014189.jpg,0,,,,,,,,
00014190.jpg,0,,,,,,,,
00014191.jpg,0,,,,,,,,
00014192.jpg,0,,,,,,,,
00014193.jpg,0,,,,,,,,
00014194.jpg,0,,,,,,,,
00014195.jpg,0,,,,,,,,
00014196.jpg,0,,,,,,,,
00014197.jpg,0,,,,,,,,
00014198.jpg,0.4702588581,,,,,,,,
00014199.jpg,0.4853881624,,,,,,,,
00014200.jpg,0,,,,,,,,
00014201.jpg,0.4729247248,,,,,,,,
00014202.jpg,0.0831712062,,,,,,,,
00014203.jpg,0.0256892518,,,,,,,,
00014204.jpg,0,,,,,,,,
00014205.jpg,0.4271487472,,,,,,,,
00014206.jpg,0.4701831169,,,,,,,,
00014207.jpg,0.110461993,,,,,,,,
00014208.jpg,0,,,,,,,,
00014209.jpg,0,,,,,,,,
00014210.jpg,0.0662203988,,,,,,,,
00014211.jpg,0.1266424378,,,,,,,,
00014212.jpg,0,,,,,,,,
00014213.jpg,0.4050632911,,,,,,,,
00014214.jpg,0.4471686031,,,,,,,,
00014215.jpg,0.4475491635,,,,,,,,
00014216.jpg,0.6252751892,,,,,,,,
00014217.jpg,0,,,,,,,,
00014218.jpg,0,,,,,,,,
00014219.jpg,0,,,,,,,,
00014220.jpg,0,,,,,,,,
00014221.jpg,0,,,,,,,,
00014222.jpg,0,,,,,,,,
00014223.jpg,0,,,,,,,,
00014224.jpg,0,,,,,,,,
00014225.jpg,0,,,,,,,,
00014226.jpg,0,,,,,,,,
00014227.jpg,0,,,,,,,,
00014228.jpg,0.4520477395,,,,,,,,
00014229.jpg,0,,,,,,,,
00014230.jpg,0,,,,,,,,
00014231.jpg,0,,,,,,,,
00014232.jpg,0,,,,,,,,
00014233.jpg,0,,,,,,,,
00014234.jpg,0,,,,,,,,
00014235.jpg,0,,,,,,,,
00014236.jpg,0,,,,,,,,
00014237.jpg,0,,,,,,,,
00014238.jpg,0.4267222466,,,,,,,,
00014239.jpg,0.4651010172,,,,,,,,
00014240.jpg,0,,,,,,,,
00014241.jpg,0,,,,,,,,
00014242.jpg,0,,,,,,,,
00014244.jpg,0,,,,,,,,
00014245.jpg,0,,,,,,,,
00014246.jpg,0,,,,,,,,
00014247.jpg,0,,,,,,,,
00014248.jpg,0,,,,,,,,
00014249.jpg,0.4606260937,,,,,,,,
00014250.jpg,0,,,,,,,,
00014251.jpg,0,,,,,,,,
00014252.jpg,0,,,,,,,,
00014253.jpg,0,,,,,,,,
00014254.jpg,0,,,,,,,,
00014255.jpg,0,,,,,,,,
00014256.jpg,0,,,,,,,,
00014257.jpg,0,,,,,,,,
00014258.jpg,0.4438052213,,,,,,,,
00014259.jpg,0,,,,,,,,
00014260.jpg,0,,,,,,,,
00014261.jpg,0,,,,,,,,
00014262.jpg,0.4533333333,,,,,,,,
00014263.jpg,0.4289340385,,,,,,,,
00014264.jpg,0.4800295585,,,,,,,,
00014265.jpg,0.5054750971,,,,,,,,
00014266.jpg,0.4681588283,,,,,,,,
00014267.jpg,0.2551477171,,,,,,,,
00014268.jpg,0,,,,,,,,
00014269.jpg,0,,,,,,,,
00014270.jpg,0.4356093345,,,,,,,,
00014271.jpg,0.2008046178,,,,,,,,
00014272.jpg,0.359137395,,,,,,,,
00014273.jpg,0.4290971417,,,,,,,,
00014274.jpg,0.6757915771,,,,,,,,
00014275.jpg,0.2973757173,,,,,,,,
00014276.jpg,0.0109960597,,,,,,,,
00014277.jpg,0,,,,,,,,
00014278.jpg,0,,,,,,,,
00014279.jpg,0,,,,,,,,
00014280.jpg,0,,,,,,,,
00014281.jpg,0,,,,,,,,
00014282.jpg,0,,,,,,,,
00014283.jpg,0,,,,,,,,
00014284.jpg,0,,,,,,,,
00014285.jpg,0,,,,,,,,
00014286.jpg,0,,,,,,,,
00014287.jpg,0,,,,,,,,
00014288.jpg,0.3917332081,,,,,,,,
00014289.jpg,0.3128008821,,,,,,,,
00014290.jpg,0,,,,,,,,
00014291.jpg,0,,,,,,,,
00014292.jpg,0,,,,,,,,
00014293.jpg,0,,,,,,,,
00014294.jpg,0,,,,,,,,
00014295.jpg,0,,,,,,,,
00014296.jpg,0,,,,,,,,
00014297.jpg,0,,,,,,,,
00014298.jpg,0,,,,,,,,
00014299.jpg,0,,,,,,,,
00014300.jpg,0.4240880982,,,,,,,,
00014301.jpg,0,,,,,,,,
00014302.jpg,0.4545177231,,,,,,,,
00014303.jpg,0,,,,,,,,
00014304.jpg,0.2998659603,,,,,,,,
00014305.jpg,0.4003003003,,,,,,,,
00014306.jpg,0.497772348,,,,,,,,
00014307.jpg,0.3972828927,,,,,,,,
00014308.jpg,0,,,,,,,,
00014309.jpg,0,,,,,,,,
00014310.jpg,0.4676729189,,,,,,,,
00014311.jpg,0.4561082147,,,,,,,,
00014312.jpg,0.1835558923,,,,,,,,
00014313.jpg,0.4359374791,,,,,,,,
00014314.jpg,0.4592492897,,,,,,,,
00014315.jpg,0.2009225739,,,,,,,,
00014316.jpg,0.4307561597,,,,,,,,
00014317.jpg,0,,,,,,,,
00014318.jpg,0,,,,,,,,
00014319.jpg,0,,,,,,,,
00014320.jpg,0,,,,,,,,
00014321.jpg,0,,,,,,,,
00014322.jpg,0,,,,,,,,
00014323.jpg,0,,,,,,,,
00014324.jpg,0,,,,,,,,
00014325.jpg,0,,,,,,,,
00014326.jpg,0,,,,,,,,
00014327.jpg,0,,,,,,,,
00014328.jpg,0.0137461368,,,,,,,,
00014329.jpg,0.4712835808,,,,,,,,
00014330.jpg,0,,,,,,,,
00014331.jpg,0,,,,,,,,
00014332.jpg,0,,,,,,,,
00014333.jpg,0,,,,,,,,
00014334.jpg,0,,,,,,,,
00014335.jpg,0,,,,,,,,
00014336.jpg,0,,,,,,,,
00014337.jpg,0,,,,,,,,
00014338.jpg,0.3051106026,,,,,,,,
00014339.jpg,0,,,,,,,,
00014340.jpg,0,,,,,,,,
00014341.jpg,0,,,,,,,,
00014342.jpg,0,,,,,,,,
00014343.jpg,0,,,,,,,,
00014344.jpg,0,,,,,,,,
00014345.jpg,0,,,,,,,,
00014346.jpg,0,,,,,,,,
00014347.jpg,0,,,,,,,,
00014348.jpg,0,,,,,,,,
00014349.jpg,0,,,,,,,,
00014350.jpg,0,,,,,,,,
00014351.jpg,0,,,,,,,,
00014352.jpg,0,,,,,,,,
00014353.jpg,0,,,,,,,,
00014355.jpg,0,,,,,,,,
00014356.jpg,0,,,,,,,,
00014357.jpg,0,,,,,,,,
00014358.jpg,0.428049259,,,,,,,,
00014359.jpg,0,,,,,,,,
00014360.jpg,0,,,,,,,,
00014361.jpg,0.47472972,,,,,,,,
00014362.jpg,0.5135366486,,,,,,,,
00014363.jpg,0.4824788945,,,,,,,,
00014364.jpg,0.373134865,,,,,,,,
00014365.jpg,0.0246451324,,,,,,,,
00014366.jpg,0.4749839078,,,,,,,,
00014367.jpg,0.2413470533,,,,,,,,
00014368.jpg,0,,,,,,,,
00014369.jpg,0,,,,,,,,
00014370.jpg,0,,,,,,,,
00014371.jpg,0,,,,,,,,
00014372.jpg,0,,,,,,,,
00014373.jpg,0.0048423564,,,,,,,,
00014374.jpg,0,,,,,,,,
00014375.jpg,0,,,,,,,,
00014376.jpg,0,,,,,,,,
00014377.jpg,0.4716173774,,,,,,,,
00014378.jpg,0,,,,,,,,
00014379.jpg,0,,,,,,,,
00014380.jpg,0,,,,,,,,
00014381.jpg,0,,,,,,,,
00014382.jpg,0,,,,,,,,
00014383.jpg,0,,,,,,,,
00014384.jpg,0,,,,,,,,
00014385.jpg,0,,,,,,,,
00014386.jpg,0,,,,,,,,
00014387.jpg,0,,,,,,,,
00014388.jpg,0.4140928998,,,,,,,,
00014389.jpg,0,,,,,,,,
00014391.jpg,0,,,,,,,,
00014392.jpg,0,,,,,,,,
00014393.jpg,0,,,,,,,,
00014394.jpg,0,,,,,,,,
00014395.jpg,0,,,,,,,,
00014396.jpg,0,,,,,,,,
00014397.jpg,0,,,,,,,,
00014398.jpg,0.3339460248,,,,,,,,
00014399.jpg,0.3999564046,,,,,,,,
00014400.jpg,0.4150513113,,,,,,,,
00014401.jpg,0.4101737225,,,,,,,,
00014402.jpg,0.623077096,,,,,,,,
00014403.jpg,0.4441480493,,,,,,,,
00014404.jpg,0,,,,,,,,
00014405.jpg,0.4566463302,,,,,,,,
00014406.jpg,0,,,,,,,,
00014407.jpg,0.4625648629,,,,,,,,
00014408.jpg,0,,,,,,,,
00014409.jpg,0,,,,,,,,
00014410.jpg,0.4692183027,,,,,,,,
00014411.jpg,0,,,,,,,,
00014412.jpg,0,,,,,,,,
00014413.jpg,0,,,,,,,,
00014414.jpg,0.4300091263,,,,,,,,
00014415.jpg,0,,,,,,,,
00014416.jpg,0.2389651954,,,,,,,,
00014417.jpg,0.4657672425,,,,,,,,
00014418.jpg,0,,,,,,,,
00014419.jpg,0,,,,,,,,
00014420.jpg,0,,,,,,,,
00014422.jpg,0,,,,,,,,
00014423.jpg,0,,,,,,,,
00014424.jpg,0,,,,,,,,
00014425.jpg,0,,,,,,,,
00014426.jpg,0,,,,,,,,
00014427.jpg,0,,,,,,,,
00014428.jpg,0,,,,,,,,
00014429.jpg,0.4683854934,,,,,,,,
00014430.jpg,0,,,,,,,,
00014431.jpg,0,,,,,,,,
00014432.jpg,0,,,,,,,,
00014433.jpg,0,,,,,,,,
00014434.jpg,0,,,,,,,,
00014435.jpg,0,,,,,,,,
00014436.jpg,0,,,,,,,,
00014437.jpg,0,,,,,,,,
00014438.jpg,0.3255115895,,,,,,,,
00014439.jpg,0.4827156094,,,,,,,,
00014440.jpg,0,,,,,,,,
00014441.jpg,0,,,,,,,,
00014442.jpg,0,,,,,,,,
00014443.jpg,0,,,,,,,,
00014444.jpg,0,,,,,,,,
00014445.jpg,0,,,,,,,,
00014446.jpg,0,,,,,,,,
00014447.jpg,0,,,,,,,,
00014448.jpg,0.1861377507,,,,,,,,
00014450.jpg,0,,,,,,,,
00014451.jpg,0,,,,,,,,
00014452.jpg,0,,,,,,,,
00014453.jpg,0,,,,,,,,
00014454.jpg,0,,,,,,,,
00014455.jpg,0,,,,,,,,
00014456.jpg,0,,,,,,,,
00014457.jpg,0,,,,,,,,
00014458.jpg,0,,,,,,,,
00014459.jpg,0,,,,,,,,
00014460.jpg,0.5990566623,,,,,,,,
00014461.jpg,0.4879015398,,,,,,,,
00014462.jpg,0.0068612828,,,,,,,,
00014463.jpg,0,,,,,,,,
00014464.jpg,0,,,,,,,,
00014465.jpg,0.4829005508,,,,,,,,
00014466.jpg,0.4655807481,,,,,,,,
00014467.jpg,0.4059830273,,,,,,,,
00014468.jpg,0,,,,,,,,
00014469.jpg,0,,,,,,,,
00014470.jpg,0.4304300271,,,,,,,,
00014471.jpg,0.4666110184,,,,,,,,
00014472.jpg,0,,,,,,,,
00014473.jpg,0.4507337049,,,,,,,,
00014474.jpg,0.4899177687,,,,,,,,
00014475.jpg,0.4202076125,,,,,,,,
00014476.jpg,0.2737252575,,,,,,,,
00014477.jpg,0.2879011332,,,,,,,,
00014478.jpg,0,,,,,,,,
00014479.jpg,0,,,,,,,,
00014480.jpg,0,,,,,,,,
00014481.jpg,0,,,,,,,,
00014482.jpg,0,,,,,,,,
00014483.jpg,0,,,,,,,,
00014484.jpg,0,,,,,,,,
00014485.jpg,0,,,,,,,,
00014486.jpg,0,,,,,,,,
00014487.jpg,0,,,,,,,,
00014488.jpg,0,,,,,,,,
00014489.jpg,0.2935029283,,,,,,,,
00014490.jpg,0,,,,,,,,
00014491.jpg,0,,,,,,,,
00014492.jpg,0,,,,,,,,
00014493.jpg,0,,,,,,,,
00014494.jpg,0,,,,,,,,
00014495.jpg,0,,,,,,,,
00014496.jpg,0,,,,,,,,
00014497.jpg,0,,,,,,,,
00014498.jpg,0.4274368745,,,,,,,,
00014499.jpg,0.0873887271,,,,,,,,
00014500.jpg,0.4734501585,,,,,,,,
00014501.jpg,0.0419211882,,,,,,,,
00014502.jpg,0.4436508695,,,,,,,,
00014503.jpg,0.3426030089,,,,,,,,
00014504.jpg,0.4787773564,,,,,,,,
00014505.jpg,0.0902512288,,,,,,,,
00014506.jpg,0.1887591744,,,,,,,,
00014507.jpg,0.3825108668,,,,,,,,
00014508.jpg,0,,,,,,,,
00014509.jpg,0,,,,,,,,
00014510.jpg,0.040293809,,,,,,,,
00014511.jpg,0.4508321424,,,,,,,,
00014512.jpg,0.1755587808,,,,,,,,
00014513.jpg,0.0567925944,,,,,,,,
00014514.jpg,0,,,,,,,,
00014515.jpg,0,,,,,,,,
00014516.jpg,0.4563126972,,,,,,,,
00014517.jpg,0.4895730749,,,,,,,,
00014518.jpg,0,,,,,,,,
00014519.jpg,0,,,,,,,,
00014520.jpg,0,,,,,,,,
00014521.jpg,0,,,,,,,,
00014522.jpg,0,,,,,,,,
00014523.jpg,0,,,,,,,,
00014524.jpg,0,,,,,,,,
00014525.jpg,0,,,,,,,,
00014526.jpg,0,,,,,,,,
00014527.jpg,0,,,,,,,,
00014528.jpg,0.4616241558,,,,,,,,
00014529.jpg,0.3188781179,,,,,,,,
00014530.jpg,0,,,,,,,,
00014531.jpg,0,,,,,,,,
00014532.jpg,0,,,,,,,,
00014533.jpg,0,,,,,,,,
00014534.jpg,0,,,,,,,,
00014535.jpg,0,,,,,,,,
00014536.jpg,0,,,,,,,,
00014537.jpg,0,,,,,,,,
00014538.jpg,0.3629901227,,,,,,,,
00014539.jpg,0.1745090949,,,,,,,,
00014540.jpg,0,,,,,,,,
00014541.jpg,0,,,,,,,,
00014542.jpg,0,,,,,,,,
00014543.jpg,0,,,,,,,,
00014544.jpg,0,,,,,,,,
00014545.jpg,0,,,,,,,,
00014546.jpg,0,,,,,,,,
00014547.jpg,0,,,,,,,,
00014548.jpg,0,,,,,,,,
00014549.jpg,0.4163269881,,,,,,,,
00014550.jpg,0,,,,,,,,
00014551.jpg,0,,,,,,,,
00014552.jpg,0,,,,,,,,
00014553.jpg,0,,,,,,,,
00014554.jpg,0,,,,,,,,
00014555.jpg,0,,,,,,,,
00014556.jpg,0,,,,,,,,
00014557.jpg,0,,,,,,,,
00014558.jpg,0,,,,,,,,
00014559.jpg,0.4815778067,,,,,,,,
00014560.jpg,0.4916431707,,,,,,,,
00014561.jpg,0.5082147954,,,,,,,,
00014562.jpg,0.4381705623,,,,,,,,
00014563.jpg,0,,,,,,,,
00014564.jpg,0.0247173929,,,,,,,,
00014565.jpg,0.0324755299,,,,,,,,
00014566.jpg,0.4994579908,,,,,,,,
00014567.jpg,0,,,,,,,,
00014568.jpg,0,,,,,,,,
00014569.jpg,0,,,,,,,,
00014570.jpg,0.4369587453,,,,,,,,
00014571.jpg,0.4432117204,,,,,,,,
00014572.jpg,0.4622364693,,,,,,,,
00014573.jpg,0,,,,,,,,
00014574.jpg,0.4493515108,,,,,,,,
00014575.jpg,0,,,,,,,,
00014576.jpg,0.4864458371,,,,,,,,
00014577.jpg,0.4551014553,,,,,,,,
00014578.jpg,0,,,,,,,,
00014579.jpg,0,,,,,,,,
00014580.jpg,0,,,,,,,,
00014581.jpg,0,,,,,,,,
00014582.jpg,0,,,,,,,,
00014583.jpg,0,,,,,,,,
00014584.jpg,0,,,,,,,,
00014585.jpg,0,,,,,,,,
00014586.jpg,0,,,,,,,,
00014587.jpg,0,,,,,,,,
00014588.jpg,0,,,,,,,,
00014589.jpg,0.4309848664,,,,,,,,
00014590.jpg,0,,,,,,,,
00014591.jpg,0,,,,,,,,
00014592.jpg,0,,,,,,,,
00014593.jpg,0,,,,,,,,
00014594.jpg,0,,,,,,,,
00014595.jpg,0,,,,,,,,
00014596.jpg,0,,,,,,,,
00014597.jpg,0,,,,,,,,
00014598.jpg,0.0675501349,,,,,,,,
00014599.jpg,0.4637602384,,,,,,,,
00014600.jpg,0.4528649395,,,,,,,,
00014601.jpg,0.4507612357,,,,,,,,
00014602.jpg,0,,,,,,,,
00014603.jpg,0,,,,,,,,
00014604.jpg,0,,,,,,,,
00014605.jpg,0.4465743167,,,,,,,,
00014606.jpg,0,,,,,,,,
00014607.jpg,0,,,,,,,,
00014608.jpg,0,,,,,,,,
00014609.jpg,0,,,,,,,,
00014610.jpg,0,,,,,,,,
00014611.jpg,0.018670515,,,,,,,,
00014612.jpg,0,,,,,,,,
00014613.jpg,0.1173520562,,,,,,,,
00014614.jpg,0,,,,,,,,
00014615.jpg,0,,,,,,,,
00014616.jpg,0.448603746,,,,,,,,
00014617.jpg,0.4746755178,,,,,,,,
00014618.jpg,0,,,,,,,,
00014619.jpg,0,,,,,,,,
00014620.jpg,0,,,,,,,,
00014621.jpg,0,,,,,,,,
00014622.jpg,0,,,,,,,,
00014623.jpg,0,,,,,,,,
00014624.jpg,0,,,,,,,,
00014625.jpg,0,,,,,,,,
00014626.jpg,0,,,,,,,,
00014627.jpg,0,,,,,,,,
00014628.jpg,0,,,,,,,,
00014629.jpg,0.4372432679,,,,,,,,
00014630.jpg,0,,,,,,,,
00014631.jpg,0,,,,,,,,
00014632.jpg,0,,,,,,,,
00014633.jpg,0,,,,,,,,
00014634.jpg,0,,,,,,,,
00014635.jpg,0,,,,,,,,
00014636.jpg,0,,,,,,,,
00014637.jpg,0,,,,,,,,
00014638.jpg,0,,,,,,,,
00014639.jpg,0.4552006023,,,,,,,,
00014640.jpg,0,,,,,,,,
00014641.jpg,0,,,,,,,,
00014642.jpg,0,,,,,,,,
00014643.jpg,0,,,,,,,,
00014644.jpg,0,,,,,,,,
00014645.jpg,0,,,,,,,,
00014646.jpg,0,,,,,,,,
00014647.jpg,0,,,,,,,,
00014648.jpg,0.4296196177,,,,,,,,
00014649.jpg,0,,,,,,,,
00014650.jpg,0,,,,,,,,
00014651.jpg,0,,,,,,,,
00014652.jpg,0,,,,,,,,
00014653.jpg,0,,,,,,,,
00014654.jpg,0,,,,,,,,
00014655.jpg,0,,,,,,,,
00014656.jpg,0,,,,,,,,
00014657.jpg,0,,,,,,,,
00014658.jpg,0,,,,,,,,
00014659.jpg,0.4768714432,,,,,,,,
00014660.jpg,0.3542624458,,,,,,,,
00014661.jpg,0.2778587942,,,,,,,,
00014662.jpg,0.0611444996,,,,,,,,
00014663.jpg,0.4886846109,,,,,,,,
00014664.jpg,0.4883490764,,,,,,,,
00014665.jpg,0.4387416864,,,,,,,,
00014666.jpg,0.4868869462,,,,,,,,
00014667.jpg,0.0902860206,,,,,,,,
00014668.jpg,0,,,,,,,,
00014669.jpg,0,,,,,,,,
00014670.jpg,0.4753317119,,,,,,,,
00014671.jpg,0.4441980663,,,,,,,,
00014672.jpg,0.0247739873,,,,,,,,
00014673.jpg,0.4525927584,,,,,,,,
00014674.jpg,0.4418018018,,,,,,,,
00014675.jpg,0,,,,,,,,
00014676.jpg,0,,,,,,,,
00014677.jpg,0.4641486044,,,,,,,,
00014678.jpg,0,,,,,,,,
00014679.jpg,0,,,,,,,,
00014680.jpg,0,,,,,,,,
00014681.jpg,0,,,,,,,,
00014682.jpg,0,,,,,,,,
00014683.jpg,0,,,,,,,,
00014684.jpg,0,,,,,,,,
00014685.jpg,0,,,,,,,,
00014686.jpg,0,,,,,,,,
00014687.jpg,0,,,,,,,,
00014688.jpg,0.006409456,,,,,,,,
00014689.jpg,0.0500748984,,,,,,,,
00014690.jpg,0,,,,,,,,
00014691.jpg,0,,,,,,,,
00014692.jpg,0,,,,,,,,
00014693.jpg,0,,,,,,,,
00014694.jpg,0,,,,,,,,
00014695.jpg,0,,,,,,,,
00014696.jpg,0,,,,,,,,
00014697.jpg,0,,,,,,,,
00014698.jpg,0.1759188078,,,,,,,,
00014699.jpg,0.4805907972,,,,,,,,
00014700.jpg,0,,,,,,,,
00014701.jpg,0.4649061574,,,,,,,,
00014702.jpg,0.067058883,,,,,,,,
00014703.jpg,0.2015773939,,,,,,,,
00014704.jpg,0,,,,,,,,
00014705.jpg,0,,,,,,,,
00014706.jpg,0,,,,,,,,
00014707.jpg,0.5019517109,,,,,,,,
00014708.jpg,0,,,,,,,,
00014709.jpg,0,,,,,,,,
00014710.jpg,0.1319133221,,,,,,,,
00014711.jpg,0.3622636511,,,,,,,,
00014712.jpg,0,,,,,,,,
00014713.jpg,0.3187316853,,,,,,,,
00014714.jpg,0,,,,,,,,
00014715.jpg,0.5556015927,,,,,,,,
00014716.jpg,0.2035842729,,,,,,,,
00014717.jpg,0,,,,,,,,
00014718.jpg,0,,,,,,,,
00014719.jpg,0,,,,,,,,
00014720.jpg,0,,,,,,,,
00014721.jpg,0,,,,,,,,
00014722.jpg,0,,,,,,,,
00014723.jpg,0,,,,,,,,
00014724.jpg,0,,,,,,,,
00014725.jpg,0,,,,,,,,
00014726.jpg,0,,,,,,,,
00014727.jpg,0,,,,,,,,
00014728.jpg,0,,,,,,,,
00014729.jpg,0.4583306234,,,,,,,,
00014730.jpg,0,,,,,,,,
00014731.jpg,0,,,,,,,,
00014732.jpg,0,,,,,,,,
00014733.jpg,0,,,,,,,,
00014734.jpg,0,,,,,,,,
00014735.jpg,0,,,,,,,,
00014736.jpg,0,,,,,,,,
00014737.jpg,0,,,,,,,,
00014738.jpg,0.4745847652,,,,,,,,
00014739.jpg,0.4449913616,,,,,,,,
00014740.jpg,0,,,,,,,,
00014742.jpg,0,,,,,,,,
00014743.jpg,0,,,,,,,,
00014744.jpg,0,,,,,,,,
00014745.jpg,0,,,,,,,,
00014746.jpg,0,,,,,,,,
00014747.jpg,0,,,,,,,,
00014748.jpg,0.2552538565,,,,,,,,
00014749.jpg,0,,,,,,,,
00014750.jpg,0,,,,,,,,
00014751.jpg,0,,,,,,,,
00014752.jpg,0,,,,,,,,
00014753.jpg,0,,,,,,,,
00014754.jpg,0,,,,,,,,
00014755.jpg,0,,,,,,,,
00014756.jpg,0,,,,,,,,
00014757.jpg,0,,,,,,,,
00014758.jpg,0.4455310275,,,,,,,,
00014759.jpg,0,,,,,,,,
00014760.jpg,0.2780899884,,,,,,,,
00014761.jpg,0,,,,,,,,
00014762.jpg,0.2016638652,,,,,,,,
00014763.jpg,0.1224800304,,,,,,,,
00014764.jpg,0,,,,,,,,
00014765.jpg,0.4994286462,,,,,,,,
00014766.jpg,0,,,,,,,,
00014767.jpg,0.4694334738,,,,,,,,
00014768.jpg,0,,,,,,,,
00014769.jpg,0,,,,,,,,
00014770.jpg,0.4814125164,,,,,,,,
00014771.jpg,0,,,,,,,,
00014772.jpg,0.4340566357,,,,,,,,
00014773.jpg,0,,,,,,,,
00014774.jpg,0.0049366094,,,,,,,,
00014775.jpg,0.4261514029,,,,,,,,
00014776.jpg,0.4625267666,,,,,,,,
00014777.jpg,0.4633675439,,,,,,,,
00014778.jpg,0,,,,,,,,
00014779.jpg,0,,,,,,,,
00014780.jpg,0,,,,,,,,
00014781.jpg,0,,,,,,,,
00014782.jpg,0,,,,,,,,
00014783.jpg,0,,,,,,,,
00014784.jpg,0,,,,,,,,
00014785.jpg,0,,,,,,,,
00014786.jpg,0,,,,,,,,
00014787.jpg,0,,,,,,,,
00014788.jpg,0.4764590076,,,,,,,,
00014789.jpg,0,,,,,,,,
00014790.jpg,0,,,,,,,,
00014791.jpg,0,,,,,,,,
00014792.jpg,0,,,,,,,,
00014793.jpg,0,,,,,,,,
00014794.jpg,0,,,,,,,,
00014795.jpg,0,,,,,,,,
00014796.jpg,0,,,,,,,,
00014797.jpg,0,,,,,,,,
00014798.jpg,0.4254161147,,,,,,,,
00014799.jpg,0.3568285256,,,,,,,,
00014800.jpg,0,,,,,,,,
00014801.jpg,0,,,,,,,,
00014802.jpg,0,,,,,,,,
00014803.jpg,0,,,,,,,,
00014804.jpg,0,,,,,,,,
00014805.jpg,0,,,,,,,,
00014806.jpg,0,,,,,,,,
00014807.jpg,0,,,,,,,,
00014808.jpg,0,,,,,,,,
00014809.jpg,0.5081469207,,,,,,,,
00014810.jpg,0,,,,,,,,
00014811.jpg,0,,,,,,,,
00014812.jpg,0,,,,,,,,
00014813.jpg,0,,,,,,,,
00014814.jpg,0,,,,,,,,
00014815.jpg,0,,,,,,,,
00014816.jpg,0,,,,,,,,
00014817.jpg,0,,,,,,,,
00014818.jpg,0.483837618,,,,,,,,
00014819.jpg,0,,,,,,,,
00014820.jpg,0.5972286549,,,,,,,,
00014821.jpg,0.0607054963,,,,,,,,
00014822.jpg,0.0454633767,,,,,,,,
00014823.jpg,0,,,,,,,,
00014824.jpg,0.4691166704,,,,,,,,
00014825.jpg,0.469145037,,,,,,,,
00014826.jpg,0.0537325192,,,,,,,,
00014827.jpg,0.4503513626,,,,,,,,
00014829.jpg,0,,,,,,,,
00014830.jpg,0.4665333636,,,,,,,,
00014831.jpg,0.4648717949,,,,,,,,
00014832.jpg,0.4611747322,,,,,,,,
00014833.jpg,0.4719904648,,,,,,,,
00014834.jpg,0.3909493737,,,,,,,,
00014835.jpg,0,,,,,,,,
00014836.jpg,0.3954881494,,,,,,,,
00014837.jpg,0,,,,,,,,
00014838.jpg,0,,,,,,,,
00014839.jpg,0,,,,,,,,
00014840.jpg,0.2275014802,,,,,,,,
00014841.jpg,0.0290999126,,,,,,,,
00014842.jpg,0.1707156927,,,,,,,,
00014843.jpg,0.4743600793,,,,,,,,
00014844.jpg,0.4473938978,,,,,,,,
00014845.jpg,0.287289782,,,,,,,,
00014846.jpg,0.1502215346,,,,,,,,
00014847.jpg,0.5111350023,,,,,,,,
00014848.jpg,0,,,,,,,,
00014849.jpg,0,,,,,,,,
00014850.jpg,0.2306372269,,,,,,,,
00014851.jpg,0,,,,,,,,
00014852.jpg,0.4692076126,,,,,,,,
00014853.jpg,0.4900223898,,,,,,,,
00014854.jpg,0.239266361,,,,,,,,
00014855.jpg,0.2776828188,,,,,,,,
00014856.jpg,0.1842546064,,,,,,,,
00014857.jpg,0.4842298318,,,,,,,,
00014858.jpg,0,,,,,,,,
00014860.jpg,0,,,,,,,,
00014861.jpg,0,,,,,,,,
00014862.jpg,0,,,,,,,,
00014863.jpg,0,,,,,,,,
00014864.jpg,0,,,,,,,,
00014865.jpg,0,,,,,,,,
00014866.jpg,0,,,,,,,,
00014867.jpg,0,,,,,,,,
00014868.jpg,0.469351258,,,,,,,,
00014869.jpg,0,,,,,,,,
00014870.jpg,0,,,,,,,,
00014871.jpg,0,,,,,,,,
00014872.jpg,0,,,,,,,,
00014873.jpg,0,,,,,,,,
00014874.jpg,0,,,,,,,,
00014875.jpg,0,,,,,,,,
00014876.jpg,0,,,,,,,,
00014877.jpg,0,,,,,,,,
00014878.jpg,0.4749997259,,,,,,,,
00014879.jpg,0.4267282881,,,,,,,,
00014880.jpg,0.1148841638,,,,,,,,
00014881.jpg,0.5157368272,,,,,,,,
00014882.jpg,0.310993593,,,,,,,,
00014883.jpg,0,,,,,,,,
00014884.jpg,0,,,,,,,,
00014885.jpg,0,,,,,,,,
00014886.jpg,0.2714702804,,,,,,,,
00014887.jpg,0.4692759953,,,,,,,,
00014888.jpg,0,,,,,,,,
00014889.jpg,0,,,,,,,,
00014890.jpg,0.3600935308,,,,,,,,
00014891.jpg,0.4796444578,,,,,,,,
00014892.jpg,0.1577820379,,,,,,,,
00014893.jpg,0.054500684,,,,,,,,
00014894.jpg,0.2978664161,,,,,,,,
00014895.jpg,0,,,,,,,,
00014896.jpg,0,,,,,,,,
00014897.jpg,0.4984667062,,,,,,,,
00014898.jpg,0,,,,,,,,
00014899.jpg,0,,,,,,,,
00014900.jpg,0,,,,,,,,
00014901.jpg,0,,,,,,,,
00014902.jpg,0,,,,,,,,
00014903.jpg,0,,,,,,,,
00014904.jpg,0,,,,,,,,
00014905.jpg,0,,,,,,,,
00014906.jpg,0,,,,,,,,
00014907.jpg,0,,,,,,,,
00014908.jpg,0.4706302191,,,,,,,,
00014909.jpg,0.045707653,,,,,,,,
00014910.jpg,0,,,,,,,,
00014911.jpg,0,,,,,,,,
00014912.jpg,0,,,,,,,,
00014913.jpg,0,,,,,,,,
00014914.jpg,0,,,,,,,,
00014915.jpg,0,,,,,,,,
00014916.jpg,0,,,,,,,,
00014917.jpg,0,,,,,,,,
00014918.jpg,0.1299933789,,,,,,,,
00014919.jpg,0,,,,,,,,
00014920.jpg,0.4697600249,,,,,,,,
00014921.jpg,0.4530938534,,,,,,,,
00014922.jpg,0,,,,,,,,
00014923.jpg,0.3172318288,,,,,,,,
00014924.jpg,0,,,,,,,,
00014925.jpg,0,,,,,,,,
00014926.jpg,0.4587360595,,,,,,,,
00014927.jpg,0.2797812303,,,,,,,,
00014928.jpg,0,,,,,,,,
00014929.jpg,0,,,,,,,,
00014930.jpg,0,,,,,,,,
00014931.jpg,0.4713771548,,,,,,,,
00014932.jpg,0,,,,,,,,
00014933.jpg,0,,,,,,,,
00014934.jpg,0.1916150103,,,,,,,,
00014935.jpg,0.4749332382,,,,,,,,
00014936.jpg,0.0893854749,,,,,,,,
00014938.jpg,0,,,,,,,,
00014939.jpg,0,,,,,,,,
00014940.jpg,0.4768201029,,,,,,,,
00014941.jpg,0.0889644796,,,,,,,,
00014942.jpg,0.4272969304,,,,,,,,
00014943.jpg,0.185492228,,,,,,,,
00014944.jpg,0,,,,,,,,
00014945.jpg,0.4859471613,,,,,,,,
00014946.jpg,0.4615428263,,,,,,,,
00014947.jpg,0.6880753701,,,,,,,,
00014948.jpg,0,,,,,,,,
00014949.jpg,0,,,,,,,,
00014950.jpg,0.0104495335,,,,,,,,
00014951.jpg,0.1249536797,,,,,,,,
00014952.jpg,0.4091141833,,,,,,,,
00014953.jpg,0.45982744,,,,,,,,
00014954.jpg,0,,,,,,,,
00014955.jpg,0.4616109279,,,,,,,,
00014956.jpg,0.1589540685,,,,,,,,
00014957.jpg,0,,,,,,,,
00014958.jpg,0,,,,,,,,
00014959.jpg,0,,,,,,,,
00014960.jpg,0,,,,,,,,
00014961.jpg,0,,,,,,,,
00014962.jpg,0,,,,,,,,
00014963.jpg,0,,,,,,,,
00014964.jpg,0,,,,,,,,
00014965.jpg,0,,,,,,,,
00014966.jpg,0,,,,,,,,
00014967.jpg,0,,,,,,,,
00014968.jpg,0.4882112882,,,,,,,,
00014969.jpg,0.0532807104,,,,,,,,
00014970.jpg,0,,,,,,,,
00014971.jpg,0,,,,,,,,
00014972.jpg,0,,,,,,,,
00014973.jpg,0,,,,,,,,
00014974.jpg,0,,,,,,,,
00014975.jpg,0,,,,,,,,
00014976.jpg,0,,,,,,,,
00014977.jpg,0,,,,,,,,
00014978.jpg,0,,,,,,,,
00014979.jpg,0.4310940065,,,,,,,,
00014980.jpg,0,,,,,,,,
00014981.jpg,0.8226978192,,,,,,,,
00014982.jpg,0.5040804258,,,,,,,,
00014983.jpg,0,,,,,,,,
00014984.jpg,0.5788996341,,,,,,,,
00014985.jpg,0.4359499115,,,,,,,,
00014986.jpg,0.0552031476,,,,,,,,
00014987.jpg,0,,,,,,,,
00014988.jpg,0,,,,,,,,
00014990.jpg,0.4150154117,,,,,,,,
00014991.jpg,0.4551002616,,,,,,,,
00014992.jpg,0.1237855344,,,,,,,,
00014993.jpg,0.481986026,,,,,,,,
00014994.jpg,0,,,,,,,,
00014995.jpg,0.4376445889,,,,,,,,
00014996.jpg,0.4642230516,,,,,,,,
00014997.jpg,0.3617945007,,,,,,,,
00014998.jpg,0,,,,,,,,
00014999.jpg,0,,,,,,,,
